title,url,tics,AMC,GME,SLV,NOK,HIDE,NAKD,MAC,LOVE,HATE,BUY,MTCH,CRSR,EOW,YOU,LUMN,GOOG,NEW,SPY,NYC,NEE,AXDX,TIME,NOW,DIX,AMD,MOON,BABY,Datetime
"AMC is the new GME: cousins, not competitors, AMC is the next big short squeeze, and outperformed GME today by 165% with a price still under $20",https://www.reddit.com/r/wallstreetbets/comments/l6eym0/amc_is_the_new_gme_cousins_not_competitors_amc_is/,"['AMC', 'GME', 'AMC', 'GME']",1,1,0,0,0,0,0,0,0,0,0,0,0,0,0,0,0,0,0,0,0,0,0,0,0,0,0,2021-02-01 21:50:17.106190
The DD on SLV - Updated 1/31 - clarity on what to buy,https://www.reddit.com/r/wallstreetbets/comments/l9tzkv/the_dd_on_slv_updated_131_clarity_on_what_to_buy/,['SLV'],0,0,1,0,0,0,0,0,0,0,0,0,0,0,0,0,0,0,0,0,0,0,0,0,0,0,0,2021-02-01 21:50:17.106190
FUCK SILVER. Here's the move AFTER the squeeze has squoze: Cannabis! ğŸš€ğŸŒ±ğŸš€ğŸŒ±,https://www.reddit.com/r/wallstreetbets/comments/l9laqm/fuck_silver_heres_the_move_after_the_squeeze_has/,[],0,0,0,0,0,0,0,0,0,0,0,0,0,0,0,0,0,0,0,0,0,0,0,0,0,0,0,2021-02-01 21:50:17.106190
RobinHood Insider Alleges White House Pressured Company To Close Gamestop Trades â€“ Lawsuit Filed,https://www.hiddenamericans.com/robinhood-insider-alleges-white-house-pressured-company-to-close-gamestop-trades-lawsuit-filed/,[],0,0,0,0,0,0,0,0,0,0,0,0,0,0,0,0,0,0,0,0,0,0,0,0,0,0,0,2021-02-01 21:50:17.106190
$NOK still trying to go to the moon??? ğŸš€ğŸš€ğŸš€ğŸš€ğŸš€ğŸš€ğŸš€ğŸš€ğŸš€ğŸš€ğŸš€ğŸš€ğŸš€ğŸš€ğŸš€ğŸš€ğŸš€ğŸš€ğŸš€ğŸš€ğŸš€ğŸš€ğŸš€ğŸš€ğŸš€ğŸš€ğŸš€ğŸš€ğŸš€ğŸš€ğŸš€ğŸš€ğŸš€ğŸš€ğŸš€ğŸš€ğŸš€ğŸš€ğŸš€ğŸš€ğŸš€ğŸš€ğŸš€ğŸš€ğŸš€ğŸš€ğŸš€ğŸš€ğŸš€ğŸš€ğŸš€ğŸš€ğŸš€ğŸš€ğŸš€ğŸš€ğŸš€ğŸš€ğŸš€ğŸš€ğŸš€ğŸš€ğŸš€ğŸš€ğŸš€ğŸš€ğŸš€ğŸš€ğŸš€ğŸš€ğŸš€ğŸš€ğŸš€ğŸš€ğŸš€ğŸš€ğŸš€ğŸš€ğŸš€ğŸš€ğŸš€ğŸš€$NOK,https://www.reddit.com/r/wallstreetbets/comments/l6d4qy/nok_still_trying_to_go_to_the_moon_nok/,"['NOK', 'NOK']",0,0,0,1,0,0,0,0,0,0,0,0,0,0,0,0,0,0,0,0,0,0,0,0,0,0,0,2021-02-01 21:50:17.106190
"$1,000 is not a meme, but diamond hands doesnâ€™t mean bag hold",https://www.reddit.com/r/wallstreetbets/comments/l7q0u9/1000_is_not_a_meme_but_diamond_hands_doesnt_mean/,[],0,0,0,0,0,0,0,0,0,0,0,0,0,0,0,0,0,0,0,0,0,0,0,0,0,0,0,2021-02-01 21:50:17.106190
Silver demand is already skyrocketing,https://www.reddit.com/r/wallstreetbets/comments/l8ubz2/silver_demand_is_already_skyrocketing/,[],0,0,0,0,0,0,0,0,0,0,0,0,0,0,0,0,0,0,0,0,0,0,0,0,0,0,0,2021-02-01 21:50:17.106190
Oh no no no...,https://i.redd.it/wvwzm48fkye61.jpg,[],0,0,0,0,0,0,0,0,0,0,0,0,0,0,0,0,0,0,0,0,0,0,0,0,0,0,0,2021-02-01 21:50:17.106190
"reminder to HIDE $NOK, $BB,$NAKD THREADS, IGNORE $NOK, $BB,$NAKD POSTS, DO NOT REPLY TO $NOK, $BB, $NAKD POSTERS",https://www.reddit.com/r/wallstreetbets/comments/l6cgy0/reminder_to_hide_nok_bbnakd_threads_ignore_nok/,"['HIDE', 'NOK', 'NAKD', 'NOK', 'NAKD', 'NOK', 'NAKD']",0,0,0,1,1,1,0,0,0,0,0,0,0,0,0,0,0,0,0,0,0,0,0,0,0,0,0,2021-02-01 21:50:17.106190
The Market Is Not Your Salvation,https://www.reddit.com/r/wallstreetbets/comments/l89d4s/the_market_is_not_your_salvation/,[],0,0,0,0,0,0,0,0,0,0,0,0,0,0,0,0,0,0,0,0,0,0,0,0,0,0,0,2021-02-01 21:50:17.106190
"What Are Your Moves Tomorrow, October 01, 2020",https://www.reddit.com/r/wallstreetbets/comments/j2tmk7/what_are_your_moves_tomorrow_october_01_2020/,[],0,0,0,0,0,0,0,0,0,0,0,0,0,0,0,0,0,0,0,0,0,0,0,0,0,0,0,2021-02-01 21:50:17.106190
SILVER SURFERS ğŸ„â€â™‚ï¸ RISE UP,https://i.redd.it/ucmqhooc0ke61.jpg,[],0,0,0,0,0,0,0,0,0,0,0,0,0,0,0,0,0,0,0,0,0,0,0,0,0,0,0,2021-02-01 21:50:17.106190
GME rational consideration from a professional investor,https://www.reddit.com/r/wallstreetbets/comments/l7kgnc/gme_rational_consideration_from_a_professional/,['GME'],0,1,0,0,0,0,0,0,0,0,0,0,0,0,0,0,0,0,0,0,0,0,0,0,0,0,0,2021-02-01 21:50:17.106190
Should you Invest in ________? Ask yourself these questions,https://www.reddit.com/r/wallstreetbets/comments/l9qmxe/should_you_invest_in_ask_yourself_these_questions/,[],0,0,0,0,0,0,0,0,0,0,0,0,0,0,0,0,0,0,0,0,0,0,0,0,0,0,0,2021-02-01 21:50:17.106190
A new war begins!,https://i.redd.it/zojynlyj8we61.jpg,[],0,0,0,0,0,0,0,0,0,0,0,0,0,0,0,0,0,0,0,0,0,0,0,0,0,0,0,2021-02-01 21:50:17.106190
It's not about the short squeeze in $SLV,https://www.reddit.com/r/wallstreetbets/comments/l9w5ok/its_not_about_the_short_squeeze_in_slv/,['SLV'],0,0,1,0,0,0,0,0,0,0,0,0,0,0,0,0,0,0,0,0,0,0,0,0,0,0,0,2021-02-01 21:50:17.106190
THE ONLY THING YOU NEED TO SELL IS YOUR HOUSE AND YOUR CAR!!! ALL IN BB!!! BB TO THE MOON!!!ğŸš€ğŸš€ğŸš€ğŸš€ğŸš€ğŸš€ğŸš€ğŸš€ğŸš€ğŸš€ğŸš€ğŸš€ğŸš€ğŸš€ğŸš€ğŸš€ğŸš€ğŸš€ğŸš€ğŸš€ğŸš€ğŸš€ğŸš€ğŸš€ğŸš€ğŸš€ğŸš€ğŸš€ğŸš€,https://www.reddit.com/r/wallstreetbets/comments/l6f72u/the_only_thing_you_need_to_sell_is_your_house_and/,[],0,0,0,0,0,0,0,0,0,0,0,0,0,0,0,0,0,0,0,0,0,0,0,0,0,0,0,2021-02-01 21:50:17.106190
"Suporting the case for SLV with a chart, historical data and a retard with Microsoft paint",https://www.reddit.com/r/wallstreetbets/comments/l91lp8/suporting_the_case_for_slv_with_a_chart/,['SLV'],0,0,1,0,0,0,0,0,0,0,0,0,0,0,0,0,0,0,0,0,0,0,0,0,0,0,0,2021-02-01 21:50:17.106190
I think that the Silver hate is actually what they are looking for. Here me out before you nuke me.,https://www.reddit.com/r/wallstreetbets/comments/la74lm/i_think_that_the_silver_hate_is_actually_what/,[],0,0,0,0,0,0,0,0,0,0,0,0,0,0,0,0,0,0,0,0,0,0,0,0,0,0,0,2021-02-01 21:50:17.106190
"Yes... keep buying GME, but I think MAC could blow up. Thoughts welcome",https://www.reddit.com/r/wallstreetbets/comments/l8w9z8/yes_keep_buying_gme_but_i_think_mac_could_blow_up/,"['GME', 'MAC']",0,1,0,0,0,0,1,0,0,0,0,0,0,0,0,0,0,0,0,0,0,0,0,0,0,0,0,2021-02-01 21:50:17.106190
"Fidelity locks GME sales to 50% above asking price. Stop promoting them, retards!",https://www.reddit.com/r/wallstreetbets/comments/l94nqq/fidelity_locks_gme_sales_to_50_above_asking_price/,['GME'],0,1,0,0,0,0,0,0,0,0,0,0,0,0,0,0,0,0,0,0,0,0,0,0,0,0,0,2021-02-01 21:50:17.106190
Citadel bought GME?!?!,https://www.reddit.com/r/wallstreetbets/comments/l98q6y/citadel_bought_gme/,['GME'],0,1,0,0,0,0,0,0,0,0,0,0,0,0,0,0,0,0,0,0,0,0,0,0,0,0,0,2021-02-01 21:50:17.106190
"I know that we LOVE $AMC and $GME, but why can't we HATE a stock. I might have an AMAZING short opportunity.",https://www.reddit.com/r/wallstreetbets/comments/l9gwx2/i_know_that_we_love_amc_and_gme_but_why_cant_we/,"['LOVE', 'AMC', 'GME', 'HATE']",1,1,0,0,0,0,0,1,1,0,0,0,0,0,0,0,0,0,0,0,0,0,0,0,0,0,0,2021-02-01 21:50:17.106190
UPDATED TITLE: This is for after $GME. SILVER BIGGEST SHORT SQUEEZE IN THE WORLD $SLV 25$ to 1000$,https://www.reddit.com/r/wallstreetbets/comments/l9bfp3/updated_title_this_is_for_after_gme_silver/,"['GME', 'SLV']",0,1,1,0,0,0,0,0,0,0,0,0,0,0,0,0,0,0,0,0,0,0,0,0,0,0,0,2021-02-01 21:50:17.106190
GME devil's advocate,https://www.reddit.com/r/wallstreetbets/comments/l90vcc/gme_devils_advocate/,['GME'],0,1,0,0,0,0,0,0,0,0,0,0,0,0,0,0,0,0,0,0,0,0,0,0,0,0,0,2021-02-01 21:50:17.106190
HOLD your NOK shares!!! ğŸš€ğŸš€ğŸš€ğŸš€ We need the push to $8/share by closing bell!!! BUY all dips 6.9-7.1!!!!!! Just chance to take this free ticket to the moon!!!! ğŸš€ğŸš€ğŸš€ğŸš€ğŸš€ NOK!!!! ğŸš€ğŸš€ğŸš€ğŸš€,https://www.reddit.com/r/wallstreetbets/comments/l6cofq/hold_your_nok_shares_we_need_the_push_to_8share/,"['NOK', 'BUY', 'NOK']",0,0,0,1,0,0,0,0,0,1,0,0,0,0,0,0,0,0,0,0,0,0,0,0,0,0,0,2021-02-01 21:50:17.106190
Match Group: MTCH,https://www.reddit.com/r/wallstreetbets/comments/l8f4qr/match_group_mtch/,['MTCH'],0,0,0,0,0,0,0,0,0,0,1,0,0,0,0,0,0,0,0,0,0,0,0,0,0,0,0,2021-02-01 21:50:17.106190
#GME42069 - The Official Hashtag of Our Limit Sell,https://www.reddit.com/r/wallstreetbets/comments/l7omrz/gme42069_the_official_hashtag_of_our_limit_sell/,['GME'],0,1,0,0,0,0,0,0,0,0,0,0,0,0,0,0,0,0,0,0,0,0,0,0,0,0,0,2021-02-01 21:50:17.106190
If you're not in GME. Buy CRSR. Going to blowout earnings ğŸš€ ğŸš€ ğŸš€,https://www.reddit.com/r/wallstreetbets/comments/l5pyfx/if_youre_not_in_gme_buy_crsr_going_to_blowout/,"['GME', 'CRSR']",0,1,0,0,0,0,0,0,0,0,0,1,0,0,0,0,0,0,0,0,0,0,0,0,0,0,0,2021-02-01 21:50:17.106190
"LOVE THIS MOVEMENT-BUYING THE STOCK-REQUEST TO CHANGE USE OF ""R WORD""",https://www.reddit.com/r/wallstreetbets/comments/l74tm2/love_this_movementbuying_the_stockrequest_to/,[],0,0,0,0,0,0,0,0,0,0,0,0,0,0,0,0,0,0,0,0,0,0,0,0,0,0,0,2021-02-01 21:50:17.106190
IM READY FOR NOKIA,https://i.redd.it/loqppp8zfqd61.jpg,[],0,0,0,0,0,0,0,0,0,0,0,0,0,0,0,0,0,0,0,0,0,0,0,0,0,0,0,2021-02-01 21:50:17.106190
WSB BEEF,https://www.reddit.com/r/wallstreetbets/comments/l5i4fg/wsb_beef/,[],0,0,0,0,0,0,0,0,0,0,0,0,0,0,0,0,0,0,0,0,0,0,0,0,0,0,0,2021-02-01 21:50:17.106190
Stop saying the market is irrational!,https://www.reddit.com/r/wallstreetbets/comments/fqpwdz/stop_saying_the_market_is_irrational/,[],0,0,0,0,0,0,0,0,0,0,0,0,0,0,0,0,0,0,0,0,0,0,0,0,0,0,0,2021-02-01 21:50:17.106190
Calling all Apes! NAKD needs your help! We need to destroy the snakes that are trying to kill this!!!!!!!!!!!!!!!!!!!!!!!!!!!!!!!!!!!!!!!!!!!!!!!!!!!!!!!!!!!!!!!!!!!!!!!!!!!!!!!!!!!!!!!!!!!!!!!!!!!!!!!!!!!!!!!!!!!!!!!!!!!!!!!!!!!!!,https://www.reddit.com/r/wallstreetbets/comments/l6e0do/calling_all_apes_nakd_needs_your_help_we_need_to/,['NAKD'],0,0,0,0,0,1,0,0,0,0,0,0,0,0,0,0,0,0,0,0,0,0,0,0,0,0,0,2021-02-01 21:50:17.106190
OHHHHHH and you thought Monday would be bad!,https://www.reddit.com/r/wallstreetbets/comments/fqss9h/ohhhhhh_and_you_thought_monday_would_be_bad/,[],0,0,0,0,0,0,0,0,0,0,0,0,0,0,0,0,0,0,0,0,0,0,0,0,0,0,0,2021-02-01 21:50:17.106190
Melvin starting to close short positions!!,https://www.msn.com/en-gb/money/other/evotec-shares-rise-amid-speculation-melvin-capital-closing-short-positions/ar-BB1d8kp8,[],0,0,0,0,0,0,0,0,0,0,0,0,0,0,0,0,0,0,0,0,0,0,0,0,0,0,0,2021-02-01 21:50:17.106190
"Nokia to $15 EOW, jump on before itâ€™s too late!!!! Donâ€™t be the guy that missed out on a trip to the moon ğŸš€ ğŸš€ ğŸš€",https://www.reddit.com/r/wallstreetbets/comments/l6cche/nokia_to_15_eow_jump_on_before_its_too_late_dont/,['EOW'],0,0,0,0,0,0,0,0,0,0,0,0,1,0,0,0,0,0,0,0,0,0,0,0,0,0,0,2021-02-01 21:50:17.106190
"BUY NOK YOU RETARDS!!! The hedge fund has to close their short on Friday so the entire stock is going to crash. If we work together we can cause another squeeze in NOK and profit really hard. On top of that, if we bankrupt a hedge fund, thatâ€™s one less dumbass we can exploit for money.",https://www.reddit.com/r/wallstreetbets/comments/l6ec44/buy_nok_you_retards_the_hedge_fund_has_to_close/,"['BUY', 'NOK', 'YOU', 'NOK']",0,0,0,1,0,0,0,0,0,1,0,0,0,1,0,0,0,0,0,0,0,0,0,0,0,0,0,2021-02-01 21:50:17.106190
NOK is a stock. $$$$$$$$$$$$$$$$$$$$$$$$$$$$$$$$$$$$$$$$$$$$$$$$$$$$$$$$$$$$$$$$$$$$$$$$$$$$$$$$$$$$$$$$$$$$$$$$$$$$$$$$$$$$$$$$$$$$$$$$$$$$$,https://www.reddit.com/r/wallstreetbets/comments/l6bn45/nok_is_a_stock/,['NOK'],0,0,0,1,0,0,0,0,0,0,0,0,0,0,0,0,0,0,0,0,0,0,0,0,0,0,0,2021-02-01 21:50:17.106190
IN-DEPTH NIO DD - WHY NIO IS GOING TO THE MOON ğŸš€ğŸŒ™,https://www.reddit.com/r/wallstreetbets/comments/l8zdad/indepth_nio_dd_why_nio_is_going_to_the_moon/,[],0,0,0,0,0,0,0,0,0,0,0,0,0,0,0,0,0,0,0,0,0,0,0,0,0,0,0,2021-02-01 21:50:17.106190
LUMN - Next Generation 911 Emergency Systems,https://www.reddit.com/r/wallstreetbets/comments/l5tp1g/lumn_next_generation_911_emergency_systems/,['LUMN'],0,0,0,0,0,0,0,0,0,0,0,0,0,0,1,0,0,0,0,0,0,0,0,0,0,0,0,2021-02-01 21:50:17.106190
"$GME - MOASS, I was wrong, VW doesn't matter anymore",https://www.reddit.com/r/wallstreetbets/comments/l8m5jy/gme_moass_i_was_wrong_vw_doesnt_matter_anymore/,['GME'],0,1,0,0,0,0,0,0,0,0,0,0,0,0,0,0,0,0,0,0,0,0,0,0,0,0,0,2021-02-01 21:50:17.106190
Can we ethically cash out our tendies?,https://www.reddit.com/r/wallstreetbets/comments/l6ruv8/can_we_ethically_cash_out_our_tendies/,[],0,0,0,0,0,0,0,0,0,0,0,0,0,0,0,0,0,0,0,0,0,0,0,0,0,0,0,2021-02-01 21:50:17.106190
NOKIA TO NEPTUNE ğŸš€ğŸš€ğŸš€ğŸš€ğŸš€ğŸš€ğŸš€ğŸš€ğŸš€ğŸš€ğŸš€ğŸš€ğŸš€ğŸš€ğŸš€ğŸš€ğŸš€ğŸš€ğŸš€ğŸš€ğŸš€ğŸš€ğŸš€ğŸš€ğŸš€ğŸš€ğŸš€ğŸš€ğŸš€ğŸš€ğŸš€NOKIA TO NEPTUNEğŸš€ğŸš€ğŸš€ğŸš€ğŸš€ğŸš€ğŸš€ğŸš€ğŸš€ğŸš€ğŸš€ğŸš€ğŸš€ğŸš€ğŸš€ğŸš€ğŸš€ğŸš€NOKIA TO NEPTUNEğŸš€ğŸš€ğŸš€ğŸš€ğŸš€ğŸš€ğŸš€ğŸš€ğŸš€ğŸš€ğŸš€ğŸš€ğŸš€ğŸš€ğŸš€ğŸš€NOKIA TO NEPTUNEğŸš€ğŸš€,https://www.reddit.com/r/wallstreetbets/comments/l6bmaq/nokia_to_neptune_nokia_to_neptunenokia_to/,[],0,0,0,0,0,0,0,0,0,0,0,0,0,0,0,0,0,0,0,0,0,0,0,0,0,0,0,2021-02-01 21:50:17.106190
"I like this Stock, ğŸš€ğŸš€ğŸš€ $CRSR ğŸš€ğŸš€ğŸš€",https://www.reddit.com/r/wallstreetbets/comments/laddpn/i_like_this_stock_crsr/,['CRSR'],0,0,0,0,0,0,0,0,0,0,0,1,0,0,0,0,0,0,0,0,0,0,0,0,0,0,0,2021-02-01 21:50:17.106190
Screw the establishment! ğŸš€ help me! AMC NOKIA ğŸš€ğŸš€,https://www.reddit.com/r/wallstreetbets/comments/l6benr/screw_the_establishment_help_me_amc_nokia/,['AMC'],1,0,0,0,0,0,0,0,0,0,0,0,0,0,0,0,0,0,0,0,0,0,0,0,0,0,0,2021-02-01 21:50:17.106190
Am I doing it right? GOOG to the ğŸš€ğŸš€ğŸš€,https://i.redd.it/uno1hs0quxe61.jpg,['GOOG'],0,0,0,0,0,0,0,0,0,0,0,0,0,0,0,1,0,0,0,0,0,0,0,0,0,0,0,2021-02-01 21:50:17.106190
Why WSB is now running the entire equity market pt.2 - Investment Professional here,https://www.reddit.com/r/wallstreetbets/comments/l9qx8p/why_wsb_is_now_running_the_entire_equity_market/,[],0,0,0,0,0,0,0,0,0,0,0,0,0,0,0,0,0,0,0,0,0,0,0,0,0,0,0,2021-02-01 21:50:17.106190
ATTENTION NEW STOCKS. Letâ€™s all buy Nokia stocks the share is at 7.36 after hours and if we squeeze the shares together and skyrocket them whoâ€™s down ?????????,https://www.reddit.com/r/wallstreetbets/comments/l6cik3/attention_new_stocks_lets_all_buy_nokia_stocks/,['NEW'],0,0,0,0,0,0,0,0,0,0,0,0,0,0,0,0,1,0,0,0,0,0,0,0,0,0,0,2021-02-01 21:50:17.106190
SPY YOLO,https://i.redd.it/kutpstog44e61.jpg,[],0,0,0,0,0,0,0,0,0,0,0,0,0,0,0,0,0,0,0,0,0,0,0,0,0,0,0,2021-02-01 21:50:17.106190
The official portrait of our Lord and Savior should be the #1 most up voted post in reddit's history.,http://imgur.com/nxDkBYM,[],0,0,0,0,0,0,0,0,0,0,0,0,0,0,0,0,0,0,0,0,0,0,0,0,0,0,0,2021-02-01 21:50:17.106190
SOMEONE PLEASE TELL ME THIS IS ONLY A DREAM,https://i.redd.it/hxkbuu9z4ubx.png,[],0,0,0,0,0,0,0,0,0,0,0,0,0,0,0,0,0,0,0,0,0,0,0,0,0,0,0,2021-02-01 21:50:17.106190
Why did my $SPY put lose value today?,https://www.reddit.com/r/wallstreetbets/comments/fnqye5/why_did_my_spy_put_lose_value_today/,['SPY'],0,0,0,0,0,0,0,0,0,0,0,0,0,0,0,0,0,1,0,0,0,0,0,0,0,0,0,2021-02-01 21:50:17.106190
"Keep pushing AMC ğŸš€ğŸš€ğŸš€ Iâ€™m all in with amc this is not the time to back down from it , push push push all the way letâ€™s get this done .",https://www.reddit.com/r/wallstreetbets/comments/l6cmsx/keep_pushing_amc_im_all_in_with_amc_this_is_not/,['AMC'],1,0,0,0,0,0,0,0,0,0,0,0,0,0,0,0,0,0,0,0,0,0,0,0,0,0,0,2021-02-01 21:50:17.106190
"Attention: Starting in Q2, WallStreetBets will be banning anyone using shit-tier lingo from other subreddits",https://www.reddit.com/r/wallstreetbets/comments/83ix57/attention_starting_in_q2_wallstreetbets_will_be/,[],0,0,0,0,0,0,0,0,0,0,0,0,0,0,0,0,0,0,0,0,0,0,0,0,0,0,0,2021-02-01 21:50:17.106190
The bottom is near. Stonks only go right.,https://www.reddit.com/r/wallstreetbets/comments/fhuui2/the_bottom_is_near_stonks_only_go_right/,[],0,0,0,0,0,0,0,0,0,0,0,0,0,0,0,0,0,0,0,0,0,0,0,0,0,0,0,2021-02-01 21:50:17.106190
â€˜â€˜Twas the night before open...in NYC...,https://twitter.com/Emerald62676529/status/1355231251414700033?s=20,['NYC'],0,0,0,0,0,0,0,0,0,0,0,0,0,0,0,0,0,0,1,0,0,0,0,0,0,0,0,2021-02-01 21:50:17.106190
BUY AMC BEFORE ITS TOO LATE IT IS BOOMING AND WILL DOUBLE TOMORROW SCREW THESE WALLSTREET BASTARDS TAKE AMC TO THE MOON JUST BOUGHT 500 SHARES,https://www.reddit.com/r/wallstreetbets/comments/l6eakk/buy_amc_before_its_too_late_it_is_booming_and/,[],0,0,0,0,0,0,0,0,0,0,0,0,0,0,0,0,0,0,0,0,0,0,0,0,0,0,0,2021-02-01 21:50:17.106190
"Out of the loop? What's going on and what's going to happen, what you can do.",https://www.reddit.com/r/wallstreetbets/comments/l7n3lk/out_of_the_loop_whats_going_on_and_whats_going_to/,[],0,0,0,0,0,0,0,0,0,0,0,0,0,0,0,0,0,0,0,0,0,0,0,0,0,0,0,2021-02-01 21:50:17.106190
"Move aside GME, Tencent FDs are up 118,300% today",https://www.bloomberg.com/news/articles/2021-01-25/tencent-s-225-billion-rally-triggers-frenzy-in-shares-options,['GME'],0,1,0,0,0,0,0,0,0,0,0,0,0,0,0,0,0,0,0,0,0,0,0,0,0,0,0,2021-02-01 21:50:17.106190
PT. 2 - SILVER BIGGEST SHORT SQUEEZE IN THE WORLD $SLV 25$ to 1000$,https://www.reddit.com/r/wallstreetbets/comments/l9ahrw/pt_2_silver_biggest_short_squeeze_in_the_world/,['SLV'],0,0,1,0,0,0,0,0,0,0,0,0,0,0,0,0,0,0,0,0,0,0,0,0,0,0,0,2021-02-01 21:50:17.106190
GME short squeeze is a myth that assumes massive incompetence from people that actually know what they are doing.,https://www.reddit.com/r/wallstreetbets/comments/kil4wu/gme_short_squeeze_is_a_myth_that_assumes_massive/,['GME'],0,1,0,0,0,0,0,0,0,0,0,0,0,0,0,0,0,0,0,0,0,0,0,0,0,0,0,2021-02-01 21:50:17.106190
My friend might have been the first to sell for 5k and you might be the next if you hold with your ğŸ’ğŸ™Œ,https://i.redd.it/ctd1342gg6e61.jpg,[],0,0,0,0,0,0,0,0,0,0,0,0,0,0,0,0,0,0,0,0,0,0,0,0,0,0,0,2021-02-01 21:50:17.106190
Don't care what you all Say but NOK is going to the moon,https://i.redd.it/8lz8dg3vmsd61.png,['NOK'],0,0,0,1,0,0,0,0,0,0,0,0,0,0,0,0,0,0,0,0,0,0,0,0,0,0,0,2021-02-01 21:50:17.106190
AMC BACK ON ITS SHIT ğŸš€ğŸš€ğŸš€ KEEP IT UP ğŸš€ğŸš€ğŸš€DONT LET THE NEWS FOOL YOU ğŸš€ğŸš€â€¼ï¸â€¼ï¸ HOLD ON TO AMC â€¼ï¸â€¼ï¸â€¼ï¸ğŸš€ğŸš€ğŸš€ğŸš€ğŸš€ğŸš€ğŸš€ğŸš€ğŸš€ğŸš€ğŸš€ğŸš€ğŸš€ğŸš€ğŸš€ğŸš€ğŸš€,https://www.reddit.com/r/wallstreetbets/comments/l6clkk/amc_back_on_its_shit_keep_it_up_dont_let_the_news/,[],0,0,0,0,0,0,0,0,0,0,0,0,0,0,0,0,0,0,0,0,0,0,0,0,0,0,0,2021-02-01 21:50:17.106190
NEW CITRON VIDEO JUST DROPPED,https://www.youtube.com/watch?v=yS4yPsmaDDQ&feature=emb_logo,[],0,0,0,0,0,0,0,0,0,0,0,0,0,0,0,0,0,0,0,0,0,0,0,0,0,0,0,2021-02-01 21:50:17.106190
COVID-19 INFORMATION,https://www.reddit.com/r/wallstreetbets/comments/fgkb9a/covid19_information/,[],0,0,0,0,0,0,0,0,0,0,0,0,0,0,0,0,0,0,0,0,0,0,0,0,0,0,0,2021-02-01 21:50:17.106190
The Bullish Thesis for NEE ğŸ”‹ğŸš€,https://www.reddit.com/r/wallstreetbets/comments/l57i0n/the_bullish_thesis_for_nee/,['NEE'],0,0,0,0,0,0,0,0,0,0,0,0,0,0,0,0,0,0,0,1,0,0,0,0,0,0,0,2021-02-01 21:50:17.106190
"Next short squeeze AXDX, all aboard!",https://i.redd.it/iol3qr6o4wd61.jpg,['AXDX'],0,0,0,0,0,0,0,0,0,0,0,0,0,0,0,0,0,0,0,0,1,0,0,0,0,0,0,2021-02-01 21:50:17.106190
The NOK Rocket ğŸš€ THE TIME IS NOW!!!!â€™ ğŸ’ğŸ’ğŸ’ğŸ’ğŸ’ğŸš€ğŸš€ğŸš€ğŸš€ğŸš€ğŸš€ğŸš€!!!!!!!!!!!!!!!!!!!!!!!!!!!!!!!!!!!!!!!!!!!!!!!!!!!!!!!!!!!!!!!!!!!!!!!!!!!!!!!!!!!!!!!!!!!!!!!!!!!!!!!!!!!,https://www.reddit.com/r/wallstreetbets/comments/l6bsee/the_nok_rocket_the_time_is_now/,"['NOK', 'TIME', 'NOW']",0,0,0,1,0,0,0,0,0,0,0,0,0,0,0,0,0,0,0,0,0,1,1,0,0,0,0,2021-02-01 21:50:17.106190
How do I major in stocks?,https://www.reddit.com/r/wallstreetbets/comments/8e6x9l/how_do_i_major_in_stocks/,[],0,0,0,0,0,0,0,0,0,0,0,0,0,0,0,0,0,0,0,0,0,0,0,0,0,0,0,2021-02-01 21:50:17.106190
AMC or GME?,https://www.reddit.com/r/wallstreetbets/comments/l6432s/amc_or_gme/,"['AMC', 'GME']",1,1,0,0,0,0,0,0,0,0,0,0,0,0,0,0,0,0,0,0,0,0,0,0,0,0,0,2021-02-01 21:50:17.106190
Bear gang gon get nuked,https://www.reddit.com/r/wallstreetbets/comments/fbobkn/bear_gang_gon_get_nuked/,[],0,0,0,0,0,0,0,0,0,0,0,0,0,0,0,0,0,0,0,0,0,0,0,0,0,0,0,2021-02-01 21:50:17.106190
"Invest with discipline do your F*** Home work stop listening to bozos, WSB is full of bozos that donâ€™t know nothing. I have loss over $40k in the past by listening to Bozos in this site. Please amateur autistic investor do your homework.",https://i.redd.it/g0bbsc8m2au41.jpg,[],0,0,0,0,0,0,0,0,0,0,0,0,0,0,0,0,0,0,0,0,0,0,0,0,0,0,0,2021-02-01 21:50:17.106190
PSA: BEFORE YOU CALL MANIPULATION LISTEN TO THE EXPLAINS BY WEBULL CEO,https://www.reddit.com/r/wallstreetbets/comments/l7s3db/psa_before_you_call_manipulation_listen_to_the/,[],0,0,0,0,0,0,0,0,0,0,0,0,0,0,0,0,0,0,0,0,0,0,0,0,0,0,0,2021-02-01 21:50:17.106190
AMC TO THE FUCKING MOON!!! ğŸš€ğŸš€ğŸš€ğŸš€ğŸš€ğŸš€ğŸš€ğŸš€ğŸš€ğŸš€ğŸš€ğŸš€ğŸš€ğŸš€ğŸš€ğŸš€ğŸš€ğŸš€ğŸš€ğŸš€ğŸš€ğŸš€ğŸš€ğŸš€ğŸš€ğŸš€ğŸš€ğŸš€ğŸš€ğŸš€ğŸš€ğŸš€ğŸš€ğŸš€ğŸš€ğŸš€ğŸš€ğŸš€ğŸš€ğŸš€ğŸš€ğŸš€ğŸš€ğŸš€ğŸš€ğŸš€ğŸš€ğŸš€ğŸš€ğŸš€ğŸš€ğŸš€ğŸš€ğŸš€ğŸš€ğŸš€ğŸš€ğŸš€ğŸš€ğŸš€ğŸš€ğŸš€ğŸš€ğŸš€ğŸš€ğŸš€ğŸš€ğŸš€ğŸš€ğŸš€ğŸš€ğŸš€ğŸš€ğŸš€ğŸš€ğŸš€ğŸš€ğŸš€ğŸš€ğŸš€ğŸš€ğŸš€ğŸš€ğŸš€ğŸš€ğŸš€ğŸš€,https://www.reddit.com/r/wallstreetbets/comments/l6f76q/amc_to_the_fucking_moon/,[],0,0,0,0,0,0,0,0,0,0,0,0,0,0,0,0,0,0,0,0,0,0,0,0,0,0,0,2021-02-01 21:50:17.106190
Bad news for gay bears? SPY has never dropped 10% within 2 months of DIX hitting 48%.,https://www.reddit.com/r/wallstreetbets/comments/fvoxjv/bad_news_for_gay_bears_spy_has_never_dropped_10/,"['SPY', 'DIX']",0,0,0,0,0,0,0,0,0,0,0,0,0,0,0,0,0,1,0,0,0,0,0,1,0,0,0,2021-02-01 21:50:17.106190
Why Bears Get Fucked on Monday,https://www.reddit.com/r/wallstreetbets/comments/fbqdmq/why_bears_get_fucked_on_monday/,[],0,0,0,0,0,0,0,0,0,0,0,0,0,0,0,0,0,0,0,0,0,0,0,0,0,0,0,2021-02-01 21:50:17.106190
If this gets 1000 upvotes Im going to sell my new custom intel powered gaming computer and put it all on AMD.,https://www.reddit.com/r/wallstreetbets/comments/5travk/if_this_gets_1000_upvotes_im_going_to_sell_my_new/,['AMD'],0,0,0,0,0,0,0,0,0,0,0,0,0,0,0,0,0,0,0,0,0,0,0,0,1,0,0,2021-02-01 21:50:17.106190
Suggestion to GME board members as a worst case scenario which will end in a win-win for the company & all share holders while offering shorts an out,https://www.reddit.com/r/wallstreetbets/comments/l8dn6h/suggestion_to_gme_board_members_as_a_worst_case/,['GME'],0,1,0,0,0,0,0,0,0,0,0,0,0,0,0,0,0,0,0,0,0,0,0,0,0,0,0,2021-02-01 21:50:17.106190
Real Wolf of Wall Street on GameStop stock chaos,https://news.yahoo.com/real-wolf-wall-street-gamestop-193900468.html,[],0,0,0,0,0,0,0,0,0,0,0,0,0,0,0,0,0,0,0,0,0,0,0,0,0,0,0,2021-02-01 21:50:17.106190
Donâ€™t sell AMC you fucks,https://www.reddit.com/r/wallstreetbets/comments/l68ox5/dont_sell_amc_you_fucks/,['AMC'],1,0,0,0,0,0,0,0,0,0,0,0,0,0,0,0,0,0,0,0,0,0,0,0,0,0,0,2021-02-01 21:50:17.106190
"Melvin Capital is for pussies, real autists take on the global banking mafia",https://www.reddit.com/r/wallstreetbets/comments/l5mcns/melvin_capital_is_for_pussies_real_autists_take/,[],0,0,0,0,0,0,0,0,0,0,0,0,0,0,0,0,0,0,0,0,0,0,0,0,0,0,0,2021-02-01 21:50:17.106190
If you don't have 100k saved by age 25 you may as well yolo,https://www.reddit.com/r/wallstreetbets/comments/jmefv6/if_you_dont_have_100k_saved_by_age_25_you_may_as/,[],0,0,0,0,0,0,0,0,0,0,0,0,0,0,0,0,0,0,0,0,0,0,0,0,0,0,0,2021-02-01 21:50:17.106190
ROBINHOOD AUTOMATICALLY SELLING SHARES OF $GME OF SOME CLIENTS,https://twitter.com/Fxhedgers/status/1354875126227947520?s=20,[],0,0,0,0,0,0,0,0,0,0,0,0,0,0,0,0,0,0,0,0,0,0,0,0,0,0,0,2021-02-01 21:50:17.106190
BB to the MOON!,https://i.redd.it/q69b1xbdcwd61.jpg,['MOON'],0,0,0,0,0,0,0,0,0,0,0,0,0,0,0,0,0,0,0,0,0,0,0,0,0,1,0,2021-02-01 21:50:17.106190
Mondays going to be green,https://www.reddit.com/r/wallstreetbets/comments/fj1b23/mondays_going_to_be_green/,[],0,0,0,0,0,0,0,0,0,0,0,0,0,0,0,0,0,0,0,0,0,0,0,0,0,0,0,2021-02-01 21:50:17.106190
"I BOUGHT 4300 NOK!!! LET'S RAISE HER TO THE MOON! REMEMBER YOUR OLD PHONES, LET'S GIVE THE DUE! NOKIA TAKE OFF GET UP TO $ 20!",https://www.reddit.com/r/wallstreetbets/comments/l6bqwp/i_bought_4300_nok_lets_raise_her_to_the_moon/,[],0,0,0,0,0,0,0,0,0,0,0,0,0,0,0,0,0,0,0,0,0,0,0,0,0,0,0,2021-02-01 21:50:17.106190
CRSR to the ğŸŒšğŸŒšğŸš€ğŸš€ğŸš€ğŸš€,https://i.redd.it/fsxbhws33ee61.jpg,['CRSR'],0,0,0,0,0,0,0,0,0,0,0,1,0,0,0,0,0,0,0,0,0,0,0,0,0,0,0,2021-02-01 21:50:17.106190
I AM ONCE AGAIN ASKING YOU TO BUY $BB,https://www.reddit.com/r/wallstreetbets/comments/l667hp/i_am_once_again_asking_you_to_buy_bb/,[],0,0,0,0,0,0,0,0,0,0,0,0,0,0,0,0,0,0,0,0,0,0,0,0,0,0,0,2021-02-01 21:50:17.106190
"BUY AND HOLD NOK, BB, AMC and GME",https://www.reddit.com/r/wallstreetbets/comments/l69g5v/buy_and_hold_nok_bb_amc_and_gme/,"['BUY', 'NOK', 'AMC', 'GME']",1,1,0,1,0,0,0,0,0,1,0,0,0,0,0,0,0,0,0,0,0,0,0,0,0,0,0,2021-02-01 21:50:17.106190
It finally happened,https://www.reddit.com/r/wallstreetbets/comments/j1irl5/it_finally_happened/,[],0,0,0,0,0,0,0,0,0,0,0,0,0,0,0,0,0,0,0,0,0,0,0,0,0,0,0,2021-02-01 21:50:17.106190
Trump Appreciation Thread,https://www.reddit.com/r/wallstreetbets/comments/8xu617/trump_appreciation_thread/,[],0,0,0,0,0,0,0,0,0,0,0,0,0,0,0,0,0,0,0,0,0,0,0,0,0,0,0,2021-02-01 21:50:17.106190
Whomst else hopped on the $LUMN express? Up 98% on shares and calls at the halt ğŸ’ğŸ‘ŠğŸš€ğŸš€ğŸš€ğŸš€ğŸš€ğŸš€ğŸš€,https://i.redd.it/qb2ockvzjqd61.jpg,['LUMN'],0,0,0,0,0,0,0,0,0,0,0,0,0,0,1,0,0,0,0,0,0,0,0,0,0,0,0,2021-02-01 21:50:17.106190
IT IS NOKIA TIME BABY! $NOK TO THE FUCKING MOON!!!!!! Letâ€™s Get Some Tendies :) $NOK $NOK $NOK $NOK $NOK $NOK,https://www.reddit.com/r/wallstreetbets/comments/l6cn2o/it_is_nokia_time_baby_nok_to_the_fucking_moon/,"['TIME', 'BABY', 'NOK', 'MOON', 'NOK', 'NOK', 'NOK', 'NOK', 'NOK', 'NOK']",0,0,0,1,0,0,0,0,0,0,0,0,0,0,0,0,0,0,0,0,0,1,0,0,0,1,1,2021-02-01 21:50:17.106190
PLEASE BUY AMC,https://www.reddit.com/r/wallstreetbets/comments/l70odn/please_buy_amc/,[],0,0,0,0,0,0,0,0,0,0,0,0,0,0,0,0,0,0,0,0,0,0,0,0,0,0,0,2021-02-01 21:50:17.106190
Why are you guys splitting NOK and AMC? AMC is already past 1bil volume. AMC is moving a lot faster. Why not bang on AMC instead?,https://www.reddit.com/r/wallstreetbets/comments/l6dutn/why_are_you_guys_splitting_nok_and_amc_amc_is/,"['NOK', 'AMC', 'AMC', 'AMC', 'AMC']",1,0,0,1,0,0,0,0,0,0,0,0,0,0,0,0,0,0,0,0,0,0,0,0,0,0,0,2021-02-01 21:50:17.106190
The mods here are filtering too many shitposts ğŸ™„ sub is getting boring,https://www.reddit.com/r/wallstreetbets/comments/brpt38/the_mods_here_are_filtering_too_many_shitposts/,[],0,0,0,0,0,0,0,0,0,0,0,0,0,0,0,0,0,0,0,0,0,0,0,0,0,0,0,2021-02-01 21:50:17.106190
CiTaDeL bOtS pUsHiNg SiLvEr!,https://www.reddit.com/r/wallstreetbets/comments/l9l9dr/citadel_bots_pushing_silver/,[],0,0,0,0,0,0,0,0,0,0,0,0,0,0,0,0,0,0,0,0,0,0,0,0,0,0,0,2021-02-01 21:50:17.106190
BUY AND HOLD AMC ğŸš€ğŸš€ğŸš€ğŸš€ DONT SELL,https://www.reddit.com/r/wallstreetbets/comments/l69p5d/buy_and_hold_amc_dont_sell/,[],0,0,0,0,0,0,0,0,0,0,0,0,0,0,0,0,0,0,0,0,0,0,0,0,0,0,0,2021-02-01 21:50:17.106190
"AMC is the new GME: cousins, not competitors, AMC is the next big short squeeze, and outperformed GME today by 165% with a price still under $20",https://www.reddit.com/r/wallstreetbets/comments/l6eym0/amc_is_the_new_gme_cousins_not_competitors_amc_is/,"['AMC', 'GME', 'AMC', 'GME']",1,1,0,0,0,0,0,0,0,0,0,0,0,0,0,0,0,0,0,0,0,0,0,0,0,0,0,2021-02-01 21:53:04.018972
The DD on SLV - Updated 1/31 - clarity on what to buy,https://www.reddit.com/r/wallstreetbets/comments/l9tzkv/the_dd_on_slv_updated_131_clarity_on_what_to_buy/,['SLV'],0,0,1,0,0,0,0,0,0,0,0,0,0,0,0,0,0,0,0,0,0,0,0,0,0,0,0,2021-02-01 21:53:04.018972
FUCK SILVER. Here's the move AFTER the squeeze has squoze: Cannabis! ğŸš€ğŸŒ±ğŸš€ğŸŒ±,https://www.reddit.com/r/wallstreetbets/comments/l9laqm/fuck_silver_heres_the_move_after_the_squeeze_has/,[],0,0,0,0,0,0,0,0,0,0,0,0,0,0,0,0,0,0,0,0,0,0,0,0,0,0,0,2021-02-01 21:53:04.018972
RobinHood Insider Alleges White House Pressured Company To Close Gamestop Trades â€“ Lawsuit Filed,https://www.hiddenamericans.com/robinhood-insider-alleges-white-house-pressured-company-to-close-gamestop-trades-lawsuit-filed/,[],0,0,0,0,0,0,0,0,0,0,0,0,0,0,0,0,0,0,0,0,0,0,0,0,0,0,0,2021-02-01 21:53:04.018972
$NOK still trying to go to the moon??? ğŸš€ğŸš€ğŸš€ğŸš€ğŸš€ğŸš€ğŸš€ğŸš€ğŸš€ğŸš€ğŸš€ğŸš€ğŸš€ğŸš€ğŸš€ğŸš€ğŸš€ğŸš€ğŸš€ğŸš€ğŸš€ğŸš€ğŸš€ğŸš€ğŸš€ğŸš€ğŸš€ğŸš€ğŸš€ğŸš€ğŸš€ğŸš€ğŸš€ğŸš€ğŸš€ğŸš€ğŸš€ğŸš€ğŸš€ğŸš€ğŸš€ğŸš€ğŸš€ğŸš€ğŸš€ğŸš€ğŸš€ğŸš€ğŸš€ğŸš€ğŸš€ğŸš€ğŸš€ğŸš€ğŸš€ğŸš€ğŸš€ğŸš€ğŸš€ğŸš€ğŸš€ğŸš€ğŸš€ğŸš€ğŸš€ğŸš€ğŸš€ğŸš€ğŸš€ğŸš€ğŸš€ğŸš€ğŸš€ğŸš€ğŸš€ğŸš€ğŸš€ğŸš€ğŸš€ğŸš€ğŸš€ğŸš€$NOK,https://www.reddit.com/r/wallstreetbets/comments/l6d4qy/nok_still_trying_to_go_to_the_moon_nok/,"['NOK', 'NOK']",0,0,0,1,0,0,0,0,0,0,0,0,0,0,0,0,0,0,0,0,0,0,0,0,0,0,0,2021-02-01 21:53:04.018972
"$1,000 is not a meme, but diamond hands doesnâ€™t mean bag hold",https://www.reddit.com/r/wallstreetbets/comments/l7q0u9/1000_is_not_a_meme_but_diamond_hands_doesnt_mean/,[],0,0,0,0,0,0,0,0,0,0,0,0,0,0,0,0,0,0,0,0,0,0,0,0,0,0,0,2021-02-01 21:53:04.018972
Silver demand is already skyrocketing,https://www.reddit.com/r/wallstreetbets/comments/l8ubz2/silver_demand_is_already_skyrocketing/,[],0,0,0,0,0,0,0,0,0,0,0,0,0,0,0,0,0,0,0,0,0,0,0,0,0,0,0,2021-02-01 21:53:04.018972
Oh no no no...,https://i.redd.it/wvwzm48fkye61.jpg,[],0,0,0,0,0,0,0,0,0,0,0,0,0,0,0,0,0,0,0,0,0,0,0,0,0,0,0,2021-02-01 21:53:04.018972
"reminder to HIDE $NOK, $BB,$NAKD THREADS, IGNORE $NOK, $BB,$NAKD POSTS, DO NOT REPLY TO $NOK, $BB, $NAKD POSTERS",https://www.reddit.com/r/wallstreetbets/comments/l6cgy0/reminder_to_hide_nok_bbnakd_threads_ignore_nok/,"['HIDE', 'NOK', 'NAKD', 'NOK', 'NAKD', 'NOK', 'NAKD']",0,0,0,1,1,1,0,0,0,0,0,0,0,0,0,0,0,0,0,0,0,0,0,0,0,0,0,2021-02-01 21:53:04.018972
The Market Is Not Your Salvation,https://www.reddit.com/r/wallstreetbets/comments/l89d4s/the_market_is_not_your_salvation/,[],0,0,0,0,0,0,0,0,0,0,0,0,0,0,0,0,0,0,0,0,0,0,0,0,0,0,0,2021-02-01 21:53:04.018972
"What Are Your Moves Tomorrow, October 01, 2020",https://www.reddit.com/r/wallstreetbets/comments/j2tmk7/what_are_your_moves_tomorrow_october_01_2020/,[],0,0,0,0,0,0,0,0,0,0,0,0,0,0,0,0,0,0,0,0,0,0,0,0,0,0,0,2021-02-01 21:53:04.018972
SILVER SURFERS ğŸ„â€â™‚ï¸ RISE UP,https://i.redd.it/ucmqhooc0ke61.jpg,[],0,0,0,0,0,0,0,0,0,0,0,0,0,0,0,0,0,0,0,0,0,0,0,0,0,0,0,2021-02-01 21:53:04.018972
GME rational consideration from a professional investor,https://www.reddit.com/r/wallstreetbets/comments/l7kgnc/gme_rational_consideration_from_a_professional/,['GME'],0,1,0,0,0,0,0,0,0,0,0,0,0,0,0,0,0,0,0,0,0,0,0,0,0,0,0,2021-02-01 21:53:04.018972
Should you Invest in ________? Ask yourself these questions,https://www.reddit.com/r/wallstreetbets/comments/l9qmxe/should_you_invest_in_ask_yourself_these_questions/,[],0,0,0,0,0,0,0,0,0,0,0,0,0,0,0,0,0,0,0,0,0,0,0,0,0,0,0,2021-02-01 21:53:04.018972
A new war begins!,https://i.redd.it/zojynlyj8we61.jpg,[],0,0,0,0,0,0,0,0,0,0,0,0,0,0,0,0,0,0,0,0,0,0,0,0,0,0,0,2021-02-01 21:53:04.018972
It's not about the short squeeze in $SLV,https://www.reddit.com/r/wallstreetbets/comments/l9w5ok/its_not_about_the_short_squeeze_in_slv/,['SLV'],0,0,1,0,0,0,0,0,0,0,0,0,0,0,0,0,0,0,0,0,0,0,0,0,0,0,0,2021-02-01 21:53:04.018972
THE ONLY THING YOU NEED TO SELL IS YOUR HOUSE AND YOUR CAR!!! ALL IN BB!!! BB TO THE MOON!!!ğŸš€ğŸš€ğŸš€ğŸš€ğŸš€ğŸš€ğŸš€ğŸš€ğŸš€ğŸš€ğŸš€ğŸš€ğŸš€ğŸš€ğŸš€ğŸš€ğŸš€ğŸš€ğŸš€ğŸš€ğŸš€ğŸš€ğŸš€ğŸš€ğŸš€ğŸš€ğŸš€ğŸš€ğŸš€,https://www.reddit.com/r/wallstreetbets/comments/l6f72u/the_only_thing_you_need_to_sell_is_your_house_and/,[],0,0,0,0,0,0,0,0,0,0,0,0,0,0,0,0,0,0,0,0,0,0,0,0,0,0,0,2021-02-01 21:53:04.018972
"Suporting the case for SLV with a chart, historical data and a retard with Microsoft paint",https://www.reddit.com/r/wallstreetbets/comments/l91lp8/suporting_the_case_for_slv_with_a_chart/,['SLV'],0,0,1,0,0,0,0,0,0,0,0,0,0,0,0,0,0,0,0,0,0,0,0,0,0,0,0,2021-02-01 21:53:04.018972
I think that the Silver hate is actually what they are looking for. Here me out before you nuke me.,https://www.reddit.com/r/wallstreetbets/comments/la74lm/i_think_that_the_silver_hate_is_actually_what/,[],0,0,0,0,0,0,0,0,0,0,0,0,0,0,0,0,0,0,0,0,0,0,0,0,0,0,0,2021-02-01 21:53:04.018972
"Yes... keep buying GME, but I think MAC could blow up. Thoughts welcome",https://www.reddit.com/r/wallstreetbets/comments/l8w9z8/yes_keep_buying_gme_but_i_think_mac_could_blow_up/,"['GME', 'MAC']",0,1,0,0,0,0,1,0,0,0,0,0,0,0,0,0,0,0,0,0,0,0,0,0,0,0,0,2021-02-01 21:53:04.018972
"Fidelity locks GME sales to 50% above asking price. Stop promoting them, retards!",https://www.reddit.com/r/wallstreetbets/comments/l94nqq/fidelity_locks_gme_sales_to_50_above_asking_price/,['GME'],0,1,0,0,0,0,0,0,0,0,0,0,0,0,0,0,0,0,0,0,0,0,0,0,0,0,0,2021-02-01 21:53:04.018972
Citadel bought GME?!?!,https://www.reddit.com/r/wallstreetbets/comments/l98q6y/citadel_bought_gme/,['GME'],0,1,0,0,0,0,0,0,0,0,0,0,0,0,0,0,0,0,0,0,0,0,0,0,0,0,0,2021-02-01 21:53:04.018972
"I know that we LOVE $AMC and $GME, but why can't we HATE a stock. I might have an AMAZING short opportunity.",https://www.reddit.com/r/wallstreetbets/comments/l9gwx2/i_know_that_we_love_amc_and_gme_but_why_cant_we/,"['LOVE', 'AMC', 'GME', 'HATE']",1,1,0,0,0,0,0,1,1,0,0,0,0,0,0,0,0,0,0,0,0,0,0,0,0,0,0,2021-02-01 21:53:04.018972
UPDATED TITLE: This is for after $GME. SILVER BIGGEST SHORT SQUEEZE IN THE WORLD $SLV 25$ to 1000$,https://www.reddit.com/r/wallstreetbets/comments/l9bfp3/updated_title_this_is_for_after_gme_silver/,"['GME', 'SLV']",0,1,1,0,0,0,0,0,0,0,0,0,0,0,0,0,0,0,0,0,0,0,0,0,0,0,0,2021-02-01 21:53:04.018972
GME devil's advocate,https://www.reddit.com/r/wallstreetbets/comments/l90vcc/gme_devils_advocate/,['GME'],0,1,0,0,0,0,0,0,0,0,0,0,0,0,0,0,0,0,0,0,0,0,0,0,0,0,0,2021-02-01 21:53:04.018972
HOLD your NOK shares!!! ğŸš€ğŸš€ğŸš€ğŸš€ We need the push to $8/share by closing bell!!! BUY all dips 6.9-7.1!!!!!! Just chance to take this free ticket to the moon!!!! ğŸš€ğŸš€ğŸš€ğŸš€ğŸš€ NOK!!!! ğŸš€ğŸš€ğŸš€ğŸš€,https://www.reddit.com/r/wallstreetbets/comments/l6cofq/hold_your_nok_shares_we_need_the_push_to_8share/,"['NOK', 'BUY', 'NOK']",0,0,0,1,0,0,0,0,0,1,0,0,0,0,0,0,0,0,0,0,0,0,0,0,0,0,0,2021-02-01 21:53:04.018972
Match Group: MTCH,https://www.reddit.com/r/wallstreetbets/comments/l8f4qr/match_group_mtch/,['MTCH'],0,0,0,0,0,0,0,0,0,0,1,0,0,0,0,0,0,0,0,0,0,0,0,0,0,0,0,2021-02-01 21:53:04.018972
#GME42069 - The Official Hashtag of Our Limit Sell,https://www.reddit.com/r/wallstreetbets/comments/l7omrz/gme42069_the_official_hashtag_of_our_limit_sell/,['GME'],0,1,0,0,0,0,0,0,0,0,0,0,0,0,0,0,0,0,0,0,0,0,0,0,0,0,0,2021-02-01 21:53:04.018972
If you're not in GME. Buy CRSR. Going to blowout earnings ğŸš€ ğŸš€ ğŸš€,https://www.reddit.com/r/wallstreetbets/comments/l5pyfx/if_youre_not_in_gme_buy_crsr_going_to_blowout/,"['GME', 'CRSR']",0,1,0,0,0,0,0,0,0,0,0,1,0,0,0,0,0,0,0,0,0,0,0,0,0,0,0,2021-02-01 21:53:04.018972
"LOVE THIS MOVEMENT-BUYING THE STOCK-REQUEST TO CHANGE USE OF ""R WORD""",https://www.reddit.com/r/wallstreetbets/comments/l74tm2/love_this_movementbuying_the_stockrequest_to/,[],0,0,0,0,0,0,0,0,0,0,0,0,0,0,0,0,0,0,0,0,0,0,0,0,0,0,0,2021-02-01 21:53:04.018972
IM READY FOR NOKIA,https://i.redd.it/loqppp8zfqd61.jpg,[],0,0,0,0,0,0,0,0,0,0,0,0,0,0,0,0,0,0,0,0,0,0,0,0,0,0,0,2021-02-01 21:53:04.018972
WSB BEEF,https://www.reddit.com/r/wallstreetbets/comments/l5i4fg/wsb_beef/,[],0,0,0,0,0,0,0,0,0,0,0,0,0,0,0,0,0,0,0,0,0,0,0,0,0,0,0,2021-02-01 21:53:04.018972
Stop saying the market is irrational!,https://www.reddit.com/r/wallstreetbets/comments/fqpwdz/stop_saying_the_market_is_irrational/,[],0,0,0,0,0,0,0,0,0,0,0,0,0,0,0,0,0,0,0,0,0,0,0,0,0,0,0,2021-02-01 21:53:04.018972
Calling all Apes! NAKD needs your help! We need to destroy the snakes that are trying to kill this!!!!!!!!!!!!!!!!!!!!!!!!!!!!!!!!!!!!!!!!!!!!!!!!!!!!!!!!!!!!!!!!!!!!!!!!!!!!!!!!!!!!!!!!!!!!!!!!!!!!!!!!!!!!!!!!!!!!!!!!!!!!!!!!!!!!!,https://www.reddit.com/r/wallstreetbets/comments/l6e0do/calling_all_apes_nakd_needs_your_help_we_need_to/,['NAKD'],0,0,0,0,0,1,0,0,0,0,0,0,0,0,0,0,0,0,0,0,0,0,0,0,0,0,0,2021-02-01 21:53:04.018972
OHHHHHH and you thought Monday would be bad!,https://www.reddit.com/r/wallstreetbets/comments/fqss9h/ohhhhhh_and_you_thought_monday_would_be_bad/,[],0,0,0,0,0,0,0,0,0,0,0,0,0,0,0,0,0,0,0,0,0,0,0,0,0,0,0,2021-02-01 21:53:04.018972
Melvin starting to close short positions!!,https://www.msn.com/en-gb/money/other/evotec-shares-rise-amid-speculation-melvin-capital-closing-short-positions/ar-BB1d8kp8,[],0,0,0,0,0,0,0,0,0,0,0,0,0,0,0,0,0,0,0,0,0,0,0,0,0,0,0,2021-02-01 21:53:04.018972
"Nokia to $15 EOW, jump on before itâ€™s too late!!!! Donâ€™t be the guy that missed out on a trip to the moon ğŸš€ ğŸš€ ğŸš€",https://www.reddit.com/r/wallstreetbets/comments/l6cche/nokia_to_15_eow_jump_on_before_its_too_late_dont/,['EOW'],0,0,0,0,0,0,0,0,0,0,0,0,1,0,0,0,0,0,0,0,0,0,0,0,0,0,0,2021-02-01 21:53:04.018972
"BUY NOK YOU RETARDS!!! The hedge fund has to close their short on Friday so the entire stock is going to crash. If we work together we can cause another squeeze in NOK and profit really hard. On top of that, if we bankrupt a hedge fund, thatâ€™s one less dumbass we can exploit for money.",https://www.reddit.com/r/wallstreetbets/comments/l6ec44/buy_nok_you_retards_the_hedge_fund_has_to_close/,"['BUY', 'NOK', 'YOU', 'NOK']",0,0,0,1,0,0,0,0,0,1,0,0,0,1,0,0,0,0,0,0,0,0,0,0,0,0,0,2021-02-01 21:53:04.018972
NOK is a stock. $$$$$$$$$$$$$$$$$$$$$$$$$$$$$$$$$$$$$$$$$$$$$$$$$$$$$$$$$$$$$$$$$$$$$$$$$$$$$$$$$$$$$$$$$$$$$$$$$$$$$$$$$$$$$$$$$$$$$$$$$$$$$,https://www.reddit.com/r/wallstreetbets/comments/l6bn45/nok_is_a_stock/,['NOK'],0,0,0,1,0,0,0,0,0,0,0,0,0,0,0,0,0,0,0,0,0,0,0,0,0,0,0,2021-02-01 21:53:04.018972
IN-DEPTH NIO DD - WHY NIO IS GOING TO THE MOON ğŸš€ğŸŒ™,https://www.reddit.com/r/wallstreetbets/comments/l8zdad/indepth_nio_dd_why_nio_is_going_to_the_moon/,[],0,0,0,0,0,0,0,0,0,0,0,0,0,0,0,0,0,0,0,0,0,0,0,0,0,0,0,2021-02-01 21:53:04.018972
LUMN - Next Generation 911 Emergency Systems,https://www.reddit.com/r/wallstreetbets/comments/l5tp1g/lumn_next_generation_911_emergency_systems/,['LUMN'],0,0,0,0,0,0,0,0,0,0,0,0,0,0,1,0,0,0,0,0,0,0,0,0,0,0,0,2021-02-01 21:53:04.018972
"$GME - MOASS, I was wrong, VW doesn't matter anymore",https://www.reddit.com/r/wallstreetbets/comments/l8m5jy/gme_moass_i_was_wrong_vw_doesnt_matter_anymore/,['GME'],0,1,0,0,0,0,0,0,0,0,0,0,0,0,0,0,0,0,0,0,0,0,0,0,0,0,0,2021-02-01 21:53:04.018972
Can we ethically cash out our tendies?,https://www.reddit.com/r/wallstreetbets/comments/l6ruv8/can_we_ethically_cash_out_our_tendies/,[],0,0,0,0,0,0,0,0,0,0,0,0,0,0,0,0,0,0,0,0,0,0,0,0,0,0,0,2021-02-01 21:53:04.018972
NOKIA TO NEPTUNE ğŸš€ğŸš€ğŸš€ğŸš€ğŸš€ğŸš€ğŸš€ğŸš€ğŸš€ğŸš€ğŸš€ğŸš€ğŸš€ğŸš€ğŸš€ğŸš€ğŸš€ğŸš€ğŸš€ğŸš€ğŸš€ğŸš€ğŸš€ğŸš€ğŸš€ğŸš€ğŸš€ğŸš€ğŸš€ğŸš€ğŸš€NOKIA TO NEPTUNEğŸš€ğŸš€ğŸš€ğŸš€ğŸš€ğŸš€ğŸš€ğŸš€ğŸš€ğŸš€ğŸš€ğŸš€ğŸš€ğŸš€ğŸš€ğŸš€ğŸš€ğŸš€NOKIA TO NEPTUNEğŸš€ğŸš€ğŸš€ğŸš€ğŸš€ğŸš€ğŸš€ğŸš€ğŸš€ğŸš€ğŸš€ğŸš€ğŸš€ğŸš€ğŸš€ğŸš€NOKIA TO NEPTUNEğŸš€ğŸš€,https://www.reddit.com/r/wallstreetbets/comments/l6bmaq/nokia_to_neptune_nokia_to_neptunenokia_to/,[],0,0,0,0,0,0,0,0,0,0,0,0,0,0,0,0,0,0,0,0,0,0,0,0,0,0,0,2021-02-01 21:53:04.018972
"I like this Stock, ğŸš€ğŸš€ğŸš€ $CRSR ğŸš€ğŸš€ğŸš€",https://www.reddit.com/r/wallstreetbets/comments/laddpn/i_like_this_stock_crsr/,['CRSR'],0,0,0,0,0,0,0,0,0,0,0,1,0,0,0,0,0,0,0,0,0,0,0,0,0,0,0,2021-02-01 21:53:04.018972
Screw the establishment! ğŸš€ help me! AMC NOKIA ğŸš€ğŸš€,https://www.reddit.com/r/wallstreetbets/comments/l6benr/screw_the_establishment_help_me_amc_nokia/,['AMC'],1,0,0,0,0,0,0,0,0,0,0,0,0,0,0,0,0,0,0,0,0,0,0,0,0,0,0,2021-02-01 21:53:04.018972
Am I doing it right? GOOG to the ğŸš€ğŸš€ğŸš€,https://i.redd.it/uno1hs0quxe61.jpg,['GOOG'],0,0,0,0,0,0,0,0,0,0,0,0,0,0,0,1,0,0,0,0,0,0,0,0,0,0,0,2021-02-01 21:53:04.018972
Why WSB is now running the entire equity market pt.2 - Investment Professional here,https://www.reddit.com/r/wallstreetbets/comments/l9qx8p/why_wsb_is_now_running_the_entire_equity_market/,[],0,0,0,0,0,0,0,0,0,0,0,0,0,0,0,0,0,0,0,0,0,0,0,0,0,0,0,2021-02-01 21:53:04.018972
ATTENTION NEW STOCKS. Letâ€™s all buy Nokia stocks the share is at 7.36 after hours and if we squeeze the shares together and skyrocket them whoâ€™s down ?????????,https://www.reddit.com/r/wallstreetbets/comments/l6cik3/attention_new_stocks_lets_all_buy_nokia_stocks/,['NEW'],0,0,0,0,0,0,0,0,0,0,0,0,0,0,0,0,1,0,0,0,0,0,0,0,0,0,0,2021-02-01 21:53:04.018972
SPY YOLO,https://i.redd.it/kutpstog44e61.jpg,[],0,0,0,0,0,0,0,0,0,0,0,0,0,0,0,0,0,0,0,0,0,0,0,0,0,0,0,2021-02-01 21:53:04.018972
The official portrait of our Lord and Savior should be the #1 most up voted post in reddit's history.,http://imgur.com/nxDkBYM,[],0,0,0,0,0,0,0,0,0,0,0,0,0,0,0,0,0,0,0,0,0,0,0,0,0,0,0,2021-02-01 21:53:04.018972
SOMEONE PLEASE TELL ME THIS IS ONLY A DREAM,https://i.redd.it/hxkbuu9z4ubx.png,[],0,0,0,0,0,0,0,0,0,0,0,0,0,0,0,0,0,0,0,0,0,0,0,0,0,0,0,2021-02-01 21:53:04.018972
Why did my $SPY put lose value today?,https://www.reddit.com/r/wallstreetbets/comments/fnqye5/why_did_my_spy_put_lose_value_today/,['SPY'],0,0,0,0,0,0,0,0,0,0,0,0,0,0,0,0,0,1,0,0,0,0,0,0,0,0,0,2021-02-01 21:53:04.018972
"Keep pushing AMC ğŸš€ğŸš€ğŸš€ Iâ€™m all in with amc this is not the time to back down from it , push push push all the way letâ€™s get this done .",https://www.reddit.com/r/wallstreetbets/comments/l6cmsx/keep_pushing_amc_im_all_in_with_amc_this_is_not/,['AMC'],1,0,0,0,0,0,0,0,0,0,0,0,0,0,0,0,0,0,0,0,0,0,0,0,0,0,0,2021-02-01 21:53:04.018972
"Attention: Starting in Q2, WallStreetBets will be banning anyone using shit-tier lingo from other subreddits",https://www.reddit.com/r/wallstreetbets/comments/83ix57/attention_starting_in_q2_wallstreetbets_will_be/,[],0,0,0,0,0,0,0,0,0,0,0,0,0,0,0,0,0,0,0,0,0,0,0,0,0,0,0,2021-02-01 21:53:04.018972
The bottom is near. Stonks only go right.,https://www.reddit.com/r/wallstreetbets/comments/fhuui2/the_bottom_is_near_stonks_only_go_right/,[],0,0,0,0,0,0,0,0,0,0,0,0,0,0,0,0,0,0,0,0,0,0,0,0,0,0,0,2021-02-01 21:53:04.018972
â€˜â€˜Twas the night before open...in NYC...,https://twitter.com/Emerald62676529/status/1355231251414700033?s=20,['NYC'],0,0,0,0,0,0,0,0,0,0,0,0,0,0,0,0,0,0,1,0,0,0,0,0,0,0,0,2021-02-01 21:53:04.018972
BUY AMC BEFORE ITS TOO LATE IT IS BOOMING AND WILL DOUBLE TOMORROW SCREW THESE WALLSTREET BASTARDS TAKE AMC TO THE MOON JUST BOUGHT 500 SHARES,https://www.reddit.com/r/wallstreetbets/comments/l6eakk/buy_amc_before_its_too_late_it_is_booming_and/,[],0,0,0,0,0,0,0,0,0,0,0,0,0,0,0,0,0,0,0,0,0,0,0,0,0,0,0,2021-02-01 21:53:04.018972
"Out of the loop? What's going on and what's going to happen, what you can do.",https://www.reddit.com/r/wallstreetbets/comments/l7n3lk/out_of_the_loop_whats_going_on_and_whats_going_to/,[],0,0,0,0,0,0,0,0,0,0,0,0,0,0,0,0,0,0,0,0,0,0,0,0,0,0,0,2021-02-01 21:53:04.018972
"Move aside GME, Tencent FDs are up 118,300% today",https://www.bloomberg.com/news/articles/2021-01-25/tencent-s-225-billion-rally-triggers-frenzy-in-shares-options,['GME'],0,1,0,0,0,0,0,0,0,0,0,0,0,0,0,0,0,0,0,0,0,0,0,0,0,0,0,2021-02-01 21:53:04.018972
PT. 2 - SILVER BIGGEST SHORT SQUEEZE IN THE WORLD $SLV 25$ to 1000$,https://www.reddit.com/r/wallstreetbets/comments/l9ahrw/pt_2_silver_biggest_short_squeeze_in_the_world/,['SLV'],0,0,1,0,0,0,0,0,0,0,0,0,0,0,0,0,0,0,0,0,0,0,0,0,0,0,0,2021-02-01 21:53:04.018972
GME short squeeze is a myth that assumes massive incompetence from people that actually know what they are doing.,https://www.reddit.com/r/wallstreetbets/comments/kil4wu/gme_short_squeeze_is_a_myth_that_assumes_massive/,['GME'],0,1,0,0,0,0,0,0,0,0,0,0,0,0,0,0,0,0,0,0,0,0,0,0,0,0,0,2021-02-01 21:53:04.018972
My friend might have been the first to sell for 5k and you might be the next if you hold with your ğŸ’ğŸ™Œ,https://i.redd.it/ctd1342gg6e61.jpg,[],0,0,0,0,0,0,0,0,0,0,0,0,0,0,0,0,0,0,0,0,0,0,0,0,0,0,0,2021-02-01 21:53:04.018972
Don't care what you all Say but NOK is going to the moon,https://i.redd.it/8lz8dg3vmsd61.png,['NOK'],0,0,0,1,0,0,0,0,0,0,0,0,0,0,0,0,0,0,0,0,0,0,0,0,0,0,0,2021-02-01 21:53:04.018972
AMC BACK ON ITS SHIT ğŸš€ğŸš€ğŸš€ KEEP IT UP ğŸš€ğŸš€ğŸš€DONT LET THE NEWS FOOL YOU ğŸš€ğŸš€â€¼ï¸â€¼ï¸ HOLD ON TO AMC â€¼ï¸â€¼ï¸â€¼ï¸ğŸš€ğŸš€ğŸš€ğŸš€ğŸš€ğŸš€ğŸš€ğŸš€ğŸš€ğŸš€ğŸš€ğŸš€ğŸš€ğŸš€ğŸš€ğŸš€ğŸš€,https://www.reddit.com/r/wallstreetbets/comments/l6clkk/amc_back_on_its_shit_keep_it_up_dont_let_the_news/,[],0,0,0,0,0,0,0,0,0,0,0,0,0,0,0,0,0,0,0,0,0,0,0,0,0,0,0,2021-02-01 21:53:04.018972
NEW CITRON VIDEO JUST DROPPED,https://www.youtube.com/watch?v=yS4yPsmaDDQ&feature=emb_logo,[],0,0,0,0,0,0,0,0,0,0,0,0,0,0,0,0,0,0,0,0,0,0,0,0,0,0,0,2021-02-01 21:53:04.018972
COVID-19 INFORMATION,https://www.reddit.com/r/wallstreetbets/comments/fgkb9a/covid19_information/,[],0,0,0,0,0,0,0,0,0,0,0,0,0,0,0,0,0,0,0,0,0,0,0,0,0,0,0,2021-02-01 21:53:04.018972
The Bullish Thesis for NEE ğŸ”‹ğŸš€,https://www.reddit.com/r/wallstreetbets/comments/l57i0n/the_bullish_thesis_for_nee/,['NEE'],0,0,0,0,0,0,0,0,0,0,0,0,0,0,0,0,0,0,0,1,0,0,0,0,0,0,0,2021-02-01 21:53:04.018972
"Next short squeeze AXDX, all aboard!",https://i.redd.it/iol3qr6o4wd61.jpg,['AXDX'],0,0,0,0,0,0,0,0,0,0,0,0,0,0,0,0,0,0,0,0,1,0,0,0,0,0,0,2021-02-01 21:53:04.018972
The NOK Rocket ğŸš€ THE TIME IS NOW!!!!â€™ ğŸ’ğŸ’ğŸ’ğŸ’ğŸ’ğŸš€ğŸš€ğŸš€ğŸš€ğŸš€ğŸš€ğŸš€!!!!!!!!!!!!!!!!!!!!!!!!!!!!!!!!!!!!!!!!!!!!!!!!!!!!!!!!!!!!!!!!!!!!!!!!!!!!!!!!!!!!!!!!!!!!!!!!!!!!!!!!!!!,https://www.reddit.com/r/wallstreetbets/comments/l6bsee/the_nok_rocket_the_time_is_now/,"['NOK', 'TIME', 'NOW']",0,0,0,1,0,0,0,0,0,0,0,0,0,0,0,0,0,0,0,0,0,1,1,0,0,0,0,2021-02-01 21:53:04.018972
How do I major in stocks?,https://www.reddit.com/r/wallstreetbets/comments/8e6x9l/how_do_i_major_in_stocks/,[],0,0,0,0,0,0,0,0,0,0,0,0,0,0,0,0,0,0,0,0,0,0,0,0,0,0,0,2021-02-01 21:53:04.018972
AMC or GME?,https://www.reddit.com/r/wallstreetbets/comments/l6432s/amc_or_gme/,"['AMC', 'GME']",1,1,0,0,0,0,0,0,0,0,0,0,0,0,0,0,0,0,0,0,0,0,0,0,0,0,0,2021-02-01 21:53:04.018972
Bear gang gon get nuked,https://www.reddit.com/r/wallstreetbets/comments/fbobkn/bear_gang_gon_get_nuked/,[],0,0,0,0,0,0,0,0,0,0,0,0,0,0,0,0,0,0,0,0,0,0,0,0,0,0,0,2021-02-01 21:53:04.018972
"Invest with discipline do your F*** Home work stop listening to bozos, WSB is full of bozos that donâ€™t know nothing. I have loss over $40k in the past by listening to Bozos in this site. Please amateur autistic investor do your homework.",https://i.redd.it/g0bbsc8m2au41.jpg,[],0,0,0,0,0,0,0,0,0,0,0,0,0,0,0,0,0,0,0,0,0,0,0,0,0,0,0,2021-02-01 21:53:04.018972
PSA: BEFORE YOU CALL MANIPULATION LISTEN TO THE EXPLAINS BY WEBULL CEO,https://www.reddit.com/r/wallstreetbets/comments/l7s3db/psa_before_you_call_manipulation_listen_to_the/,[],0,0,0,0,0,0,0,0,0,0,0,0,0,0,0,0,0,0,0,0,0,0,0,0,0,0,0,2021-02-01 21:53:04.018972
AMC TO THE FUCKING MOON!!! ğŸš€ğŸš€ğŸš€ğŸš€ğŸš€ğŸš€ğŸš€ğŸš€ğŸš€ğŸš€ğŸš€ğŸš€ğŸš€ğŸš€ğŸš€ğŸš€ğŸš€ğŸš€ğŸš€ğŸš€ğŸš€ğŸš€ğŸš€ğŸš€ğŸš€ğŸš€ğŸš€ğŸš€ğŸš€ğŸš€ğŸš€ğŸš€ğŸš€ğŸš€ğŸš€ğŸš€ğŸš€ğŸš€ğŸš€ğŸš€ğŸš€ğŸš€ğŸš€ğŸš€ğŸš€ğŸš€ğŸš€ğŸš€ğŸš€ğŸš€ğŸš€ğŸš€ğŸš€ğŸš€ğŸš€ğŸš€ğŸš€ğŸš€ğŸš€ğŸš€ğŸš€ğŸš€ğŸš€ğŸš€ğŸš€ğŸš€ğŸš€ğŸš€ğŸš€ğŸš€ğŸš€ğŸš€ğŸš€ğŸš€ğŸš€ğŸš€ğŸš€ğŸš€ğŸš€ğŸš€ğŸš€ğŸš€ğŸš€ğŸš€ğŸš€ğŸš€ğŸš€,https://www.reddit.com/r/wallstreetbets/comments/l6f76q/amc_to_the_fucking_moon/,[],0,0,0,0,0,0,0,0,0,0,0,0,0,0,0,0,0,0,0,0,0,0,0,0,0,0,0,2021-02-01 21:53:04.018972
Bad news for gay bears? SPY has never dropped 10% within 2 months of DIX hitting 48%.,https://www.reddit.com/r/wallstreetbets/comments/fvoxjv/bad_news_for_gay_bears_spy_has_never_dropped_10/,"['SPY', 'DIX']",0,0,0,0,0,0,0,0,0,0,0,0,0,0,0,0,0,1,0,0,0,0,0,1,0,0,0,2021-02-01 21:53:04.018972
Why Bears Get Fucked on Monday,https://www.reddit.com/r/wallstreetbets/comments/fbqdmq/why_bears_get_fucked_on_monday/,[],0,0,0,0,0,0,0,0,0,0,0,0,0,0,0,0,0,0,0,0,0,0,0,0,0,0,0,2021-02-01 21:53:04.018972
If this gets 1000 upvotes Im going to sell my new custom intel powered gaming computer and put it all on AMD.,https://www.reddit.com/r/wallstreetbets/comments/5travk/if_this_gets_1000_upvotes_im_going_to_sell_my_new/,['AMD'],0,0,0,0,0,0,0,0,0,0,0,0,0,0,0,0,0,0,0,0,0,0,0,0,1,0,0,2021-02-01 21:53:04.018972
Suggestion to GME board members as a worst case scenario which will end in a win-win for the company & all share holders while offering shorts an out,https://www.reddit.com/r/wallstreetbets/comments/l8dn6h/suggestion_to_gme_board_members_as_a_worst_case/,['GME'],0,1,0,0,0,0,0,0,0,0,0,0,0,0,0,0,0,0,0,0,0,0,0,0,0,0,0,2021-02-01 21:53:04.018972
Real Wolf of Wall Street on GameStop stock chaos,https://news.yahoo.com/real-wolf-wall-street-gamestop-193900468.html,[],0,0,0,0,0,0,0,0,0,0,0,0,0,0,0,0,0,0,0,0,0,0,0,0,0,0,0,2021-02-01 21:53:04.018972
Donâ€™t sell AMC you fucks,https://www.reddit.com/r/wallstreetbets/comments/l68ox5/dont_sell_amc_you_fucks/,['AMC'],1,0,0,0,0,0,0,0,0,0,0,0,0,0,0,0,0,0,0,0,0,0,0,0,0,0,0,2021-02-01 21:53:04.018972
"Melvin Capital is for pussies, real autists take on the global banking mafia",https://www.reddit.com/r/wallstreetbets/comments/l5mcns/melvin_capital_is_for_pussies_real_autists_take/,[],0,0,0,0,0,0,0,0,0,0,0,0,0,0,0,0,0,0,0,0,0,0,0,0,0,0,0,2021-02-01 21:53:04.018972
If you don't have 100k saved by age 25 you may as well yolo,https://www.reddit.com/r/wallstreetbets/comments/jmefv6/if_you_dont_have_100k_saved_by_age_25_you_may_as/,[],0,0,0,0,0,0,0,0,0,0,0,0,0,0,0,0,0,0,0,0,0,0,0,0,0,0,0,2021-02-01 21:53:04.018972
ROBINHOOD AUTOMATICALLY SELLING SHARES OF $GME OF SOME CLIENTS,https://twitter.com/Fxhedgers/status/1354875126227947520?s=20,[],0,0,0,0,0,0,0,0,0,0,0,0,0,0,0,0,0,0,0,0,0,0,0,0,0,0,0,2021-02-01 21:53:04.018972
BB to the MOON!,https://i.redd.it/q69b1xbdcwd61.jpg,['MOON'],0,0,0,0,0,0,0,0,0,0,0,0,0,0,0,0,0,0,0,0,0,0,0,0,0,1,0,2021-02-01 21:53:04.018972
Mondays going to be green,https://www.reddit.com/r/wallstreetbets/comments/fj1b23/mondays_going_to_be_green/,[],0,0,0,0,0,0,0,0,0,0,0,0,0,0,0,0,0,0,0,0,0,0,0,0,0,0,0,2021-02-01 21:53:04.018972
"I BOUGHT 4300 NOK!!! LET'S RAISE HER TO THE MOON! REMEMBER YOUR OLD PHONES, LET'S GIVE THE DUE! NOKIA TAKE OFF GET UP TO $ 20!",https://www.reddit.com/r/wallstreetbets/comments/l6bqwp/i_bought_4300_nok_lets_raise_her_to_the_moon/,[],0,0,0,0,0,0,0,0,0,0,0,0,0,0,0,0,0,0,0,0,0,0,0,0,0,0,0,2021-02-01 21:53:04.018972
CRSR to the ğŸŒšğŸŒšğŸš€ğŸš€ğŸš€ğŸš€,https://i.redd.it/fsxbhws33ee61.jpg,['CRSR'],0,0,0,0,0,0,0,0,0,0,0,1,0,0,0,0,0,0,0,0,0,0,0,0,0,0,0,2021-02-01 21:53:04.018972
I AM ONCE AGAIN ASKING YOU TO BUY $BB,https://www.reddit.com/r/wallstreetbets/comments/l667hp/i_am_once_again_asking_you_to_buy_bb/,[],0,0,0,0,0,0,0,0,0,0,0,0,0,0,0,0,0,0,0,0,0,0,0,0,0,0,0,2021-02-01 21:53:04.018972
"BUY AND HOLD NOK, BB, AMC and GME",https://www.reddit.com/r/wallstreetbets/comments/l69g5v/buy_and_hold_nok_bb_amc_and_gme/,"['BUY', 'NOK', 'AMC', 'GME']",1,1,0,1,0,0,0,0,0,1,0,0,0,0,0,0,0,0,0,0,0,0,0,0,0,0,0,2021-02-01 21:53:04.018972
It finally happened,https://www.reddit.com/r/wallstreetbets/comments/j1irl5/it_finally_happened/,[],0,0,0,0,0,0,0,0,0,0,0,0,0,0,0,0,0,0,0,0,0,0,0,0,0,0,0,2021-02-01 21:53:04.018972
Trump Appreciation Thread,https://www.reddit.com/r/wallstreetbets/comments/8xu617/trump_appreciation_thread/,[],0,0,0,0,0,0,0,0,0,0,0,0,0,0,0,0,0,0,0,0,0,0,0,0,0,0,0,2021-02-01 21:53:04.018972
Whomst else hopped on the $LUMN express? Up 98% on shares and calls at the halt ğŸ’ğŸ‘ŠğŸš€ğŸš€ğŸš€ğŸš€ğŸš€ğŸš€ğŸš€,https://i.redd.it/qb2ockvzjqd61.jpg,['LUMN'],0,0,0,0,0,0,0,0,0,0,0,0,0,0,1,0,0,0,0,0,0,0,0,0,0,0,0,2021-02-01 21:53:04.018972
IT IS NOKIA TIME BABY! $NOK TO THE FUCKING MOON!!!!!! Letâ€™s Get Some Tendies :) $NOK $NOK $NOK $NOK $NOK $NOK,https://www.reddit.com/r/wallstreetbets/comments/l6cn2o/it_is_nokia_time_baby_nok_to_the_fucking_moon/,"['TIME', 'BABY', 'NOK', 'MOON', 'NOK', 'NOK', 'NOK', 'NOK', 'NOK', 'NOK']",0,0,0,1,0,0,0,0,0,0,0,0,0,0,0,0,0,0,0,0,0,1,0,0,0,1,1,2021-02-01 21:53:04.018972
Why are you guys splitting NOK and AMC? AMC is already past 1bil volume. AMC is moving a lot faster. Why not bang on AMC instead?,https://www.reddit.com/r/wallstreetbets/comments/l6dutn/why_are_you_guys_splitting_nok_and_amc_amc_is/,"['NOK', 'AMC', 'AMC', 'AMC', 'AMC']",1,0,0,1,0,0,0,0,0,0,0,0,0,0,0,0,0,0,0,0,0,0,0,0,0,0,0,2021-02-01 21:53:04.018972
The mods here are filtering too many shitposts ğŸ™„ sub is getting boring,https://www.reddit.com/r/wallstreetbets/comments/brpt38/the_mods_here_are_filtering_too_many_shitposts/,[],0,0,0,0,0,0,0,0,0,0,0,0,0,0,0,0,0,0,0,0,0,0,0,0,0,0,0,2021-02-01 21:53:04.018972
CiTaDeL bOtS pUsHiNg SiLvEr!,https://www.reddit.com/r/wallstreetbets/comments/l9l9dr/citadel_bots_pushing_silver/,[],0,0,0,0,0,0,0,0,0,0,0,0,0,0,0,0,0,0,0,0,0,0,0,0,0,0,0,2021-02-01 21:53:04.018972
BUY AND HOLD AMC ğŸš€ğŸš€ğŸš€ğŸš€ DONT SELL,https://www.reddit.com/r/wallstreetbets/comments/l69p5d/buy_and_hold_amc_dont_sell/,[],0,0,0,0,0,0,0,0,0,0,0,0,0,0,0,0,0,0,0,0,0,0,0,0,0,0,0,2021-02-01 21:53:04.018972
Why the next leg down will happen and why it will be soon,https://www.reddit.com/r/wallstreetbets/comments/gf3bpf/why_the_next_leg_down_will_happen_and_why_it_will/,[],0,0,0,0,0,0,0,0,0,0,0,0,0,0,0,0,0,0,0,0,0,0,0,0,0,0,0,2021-02-01 21:53:04.018972
