title,url,tics,GME,ITM,MOON,AMC,FUBO,MODS,N'T,AAPL,NOK,IRA,OPEN,YOU,SAME,SLV,ALL,Datetime
$GME Down. I panicked. So I went to my Fidelity Account and bought more shares.,https://i.redd.it/x3cmup3gaze61.jpg,['GME'],1,0,0,0,0,0,0,0,0,0,0,0,0,0,0,2021-02-01 21:50:14.412325
GME loss porn. STILL HOLDING. Options settlement tomorrow from fridays ITM calls ğŸ’ğŸ™ŒğŸ¤«,https://i.redd.it/gb0xb8c7aze61.jpg,"['GME', 'ITM']",1,1,0,0,0,0,0,0,0,0,0,0,0,0,0,2021-02-01 21:50:14.412325
Yahoo Finance shows institutions own 122% of GME...what?,https://www.reddit.com/r/wallstreetbets/comments/lalkff/yahoo_finance_shows_institutions_own_122_of/,['GME'],1,0,0,0,0,0,0,0,0,0,0,0,0,0,0,2021-02-01 21:50:14.412325
Why is no one talking about short volume as a percent of total volume?,https://www.reddit.com/r/wallstreetbets/comments/lalked/why_is_no_one_talking_about_short_volume_as_a/,[],0,0,0,0,0,0,0,0,0,0,0,0,0,0,0,2021-02-01 21:50:14.412325
"Hey, i'm still holding. Are you? ğŸ’ğŸ‘",https://i.redd.it/37qg81ay9ze61.png,[],0,0,0,0,0,0,0,0,0,0,0,0,0,0,0,2021-02-01 21:50:14.412325
Still holding ğŸ’ğŸ™ğŸ» GME TO THE MOONğŸš€ğŸš€ğŸš€,https://i.redd.it/t686r3kw9ze61.jpg,"['GME', 'MOON']",1,0,1,0,0,0,0,0,0,0,0,0,0,0,0,2021-02-01 21:50:14.412325
Don't get scared by the low volume short attack. This is the reality!ğŸš€ğŸ’ğŸ™ŒğŸ» GME AMC,https://i.redd.it/6whbgc2w9ze61.jpg,"['GME', 'AMC']",1,0,0,1,0,0,0,0,0,0,0,0,0,0,0,2021-02-01 21:50:14.412325
"WE MAY BLEAD, BUT I WONT LEAVE!ğŸ¦ğŸ’âœŠ",https://i.redd.it/r77ochfu9ze61.jpg,[],0,0,0,0,0,0,0,0,0,0,0,0,0,0,0,2021-02-01 21:50:14.412325
"Seeing all the red just makes me want to buy more, am I retarded or something?",https://i.redd.it/080ny4ip9ze61.jpg,[],0,0,0,0,0,0,0,0,0,0,0,0,0,0,0,2021-02-01 21:50:14.412325
"Low volume, high holding.",https://www.reddit.com/r/wallstreetbets/comments/lalimc/low_volume_high_holding/,[],0,0,0,0,0,0,0,0,0,0,0,0,0,0,0,2021-02-01 21:50:14.412325
"Down $100k today. If I can hold, you can hold!",https://i.redd.it/7uoxgwun9ze61.jpg,[],0,0,0,0,0,0,0,0,0,0,0,0,0,0,0,2021-02-01 21:50:14.412325
Short ladder for smoothest brains,https://www.reddit.com/r/wallstreetbets/comments/lalhkz/short_ladder_for_smoothest_brains/,[],0,0,0,0,0,0,0,0,0,0,0,0,0,0,0,2021-02-01 21:50:14.412325
GameStopâ€™s short squeeze vs Volkswagenâ€™s,https://i.redd.it/rje1nefd9ze61.jpg,[],0,0,0,0,0,0,0,0,0,0,0,0,0,0,0,2021-02-01 21:50:14.412325
Continuing DD wrt SEC Violations and Market Manipulation,https://www.reddit.com/r/wallstreetbets/comments/lalhfl/continuing_dd_wrt_sec_violations_and_market/,[],0,0,0,0,0,0,0,0,0,0,0,0,0,0,0,2021-02-01 21:50:14.412325
Youâ€™re not alone. Down 41% on 300 shares $GME and holding until the ğŸš€ blows past Uranus.,https://i.redd.it/m6q7opfc9ze61.jpg,['GME'],1,0,0,0,0,0,0,0,0,0,0,0,0,0,0,2021-02-01 21:50:14.412325
$FUBO DD - This stock could moon,https://www.reddit.com/r/wallstreetbets/comments/lalgc9/fubo_dd_this_stock_could_moon/,['FUBO'],0,0,0,0,1,0,0,0,0,0,0,0,0,0,0,2021-02-01 21:50:14.412325
Still holding ğŸš€,https://i.redd.it/n6i3hew19ze61.jpg,[],0,0,0,0,0,0,0,0,0,0,0,0,0,0,0,2021-02-01 21:50:14.412325
Quick rundown on XL,https://www.reddit.com/r/wallstreetbets/comments/lalg87/quick_rundown_on_xl/,[],0,0,0,0,0,0,0,0,0,0,0,0,0,0,0,2021-02-01 21:50:14.412325
"Options exercised. Foodstamps or Lambos. They wouldn't accept my lengthy text story, so here it is in screenshots.",https://www.reddit.com/gallery/lalez1,[],0,0,0,0,0,0,0,0,0,0,0,0,0,0,0,2021-02-01 21:50:14.412325
Ocean's GME: The Biggest Heist in History,https://v.redd.it/jxjver4q7ze61,['GME'],1,0,0,0,0,0,0,0,0,0,0,0,0,0,0,2021-02-01 21:50:14.412325
BUY AND HOLD COMRADES! DOING MY SMALL BIT.. THE REST IS TIED INTO AMC,https://i.redd.it/v6fxcybj8ze61.jpg,[],0,0,0,0,0,0,0,0,0,0,0,0,0,0,0,2021-02-01 21:50:14.412325
"IF ANYONE IS FINDING IT HARD TO HOLD, JUST HAVE A GOOD WANK THINKING ABOUT THE MOON AND THEN BUY MORE SHARES",https://www.reddit.com/r/wallstreetbets/comments/laldt4/if_anyone_is_finding_it_hard_to_hold_just_have_a/,[],0,0,0,0,0,0,0,0,0,0,0,0,0,0,0,2021-02-01 21:50:14.412325
My first amateur WSB loss porn!,https://i.redd.it/uorvowf68ze61.jpg,[],0,0,0,0,0,0,0,0,0,0,0,0,0,0,0,2021-02-01 21:50:14.412325
I hope as a community we can respect /u/DeepFuckingValue's decision if/when he decides to sell $GME and not flip out on a guy who's never once said he's planning to hold till the end of time.,https://www.reddit.com/r/wallstreetbets/comments/lald38/i_hope_as_a_community_we_can_respect/,['GME'],1,0,0,0,0,0,0,0,0,0,0,0,0,0,0,2021-02-01 21:50:14.412325
"THE VW SQUEEZE CHART THAT IS BEING CIRCULATED IS PRICED IN GERMAN CURRENCY, NOT US DOLLARS...",https://www.reddit.com/r/wallstreetbets/comments/lalcvu/the_vw_squeeze_chart_that_is_being_circulated_is/,[],0,0,0,0,0,0,0,0,0,0,0,0,0,0,0,2021-02-01 21:50:14.412325
MODS PLEASE DON'T DELETE - Serious comment about discussing legality of GME shorts!,https://www.reddit.com/r/wallstreetbets/comments/lalcjr/mods_please_dont_delete_serious_comment_about/,"['MODS', ""N'T"", 'GME']",1,0,0,0,0,1,1,0,0,0,0,0,0,0,0,2021-02-01 21:50:14.412325
Do I sell all my AAPL and huck it into this GME dip? Yes or yes?,https://i.redd.it/jfyeuyt08ze61.jpg,"['AAPL', 'GME']",1,0,0,0,0,0,0,1,0,0,0,0,0,0,0,2021-02-01 21:50:14.412325
Can only go up from here right? 120k+ loss ğŸš€ğŸš€ğŸš€ğŸš€ğŸŒ,https://i.redd.it/l3uk742r7ze61.jpg,[],0,0,0,0,0,0,0,0,0,0,0,0,0,0,0,2021-02-01 21:50:14.412325
How to give Robinhood a Red Dildo (hint: don't go the class action route for max pain).,https://www.reddit.com/r/wallstreetbets/comments/lalaqy/how_to_give_robinhood_a_red_dildo_hint_dont_go/,[],0,0,0,0,0,0,0,0,0,0,0,0,0,0,0,2021-02-01 21:50:14.412325
ğŸğŸ=ğŸ’¯ ğŸš€ğŸ’ğŸš€ğŸ’ğŸš€ğŸ’ğŸš€ğŸ’,https://i.redd.it/wrsy4c1c7ze61.jpg,[],0,0,0,0,0,0,0,0,0,0,0,0,0,0,0,2021-02-01 21:50:14.412325
When to expect movement on $GME,https://www.reddit.com/r/wallstreetbets/comments/lal9mt/when_to_expect_movement_on_gme/,['GME'],1,0,0,0,0,0,0,0,0,0,0,0,0,0,0,2021-02-01 21:50:14.412325
"Check out this post about short selling, oft shorted stocks (the ones doing crazy stuff right now) & Elon Muskâ€™s dislike of shorting",https://www.investors.com/news/technology/shorting-a-stock-short-selling/,[],0,0,0,0,0,0,0,0,0,0,0,0,0,0,0,2021-02-01 21:50:14.412325
I lost a very valuable 80k+ from the top. I am not fucking leaving!!! 641 I'm ready to ride this to $0 if that's what it will take. I can be retarded longer than you can be solvent!!,https://i.redd.it/j3lfqytv6ze61.jpg,[],0,0,0,0,0,0,0,0,0,0,0,0,0,0,0,2021-02-01 21:50:14.412325
Act of retarded solidarity. I bought some shares of NOK and BB with my IRA. I'm not selling for another 40 years.ğŸ™ŒğŸ’ğŸ’ğŸ’ğŸ’ğŸš€ğŸš€ğŸš€ğŸš€ğŸŒ,https://i.redd.it/sjozniiq6ze61.png,"['NOK', 'IRA']",0,0,0,0,0,0,0,0,1,1,0,0,0,0,0,2021-02-01 21:50:14.412325
I like the stock and Free Tendies,https://i.redd.it/z10bwjjp6ze61.jpg,[],0,0,0,0,0,0,0,0,0,0,0,0,0,0,0,2021-02-01 21:50:14.412325
Still holding bitches. $37/share average. Letâ€™s go!,https://i.redd.it/ijdr3rdp6ze61.jpg,[],0,0,0,0,0,0,0,0,0,0,0,0,0,0,0,2021-02-01 21:50:14.412325
WHOS WITH ME?,https://i.redd.it/c4a2cnrl6ze61.png,[],0,0,0,0,0,0,0,0,0,0,0,0,0,0,0,2021-02-01 21:50:14.412325
"We just put $165k+ into it. We're a small NZ based company, we're with you at https://verum.nz",https://www.reddit.com/gallery/lal7h7,[],0,0,0,0,0,0,0,0,0,0,0,0,0,0,0,2021-02-01 21:50:14.412325
Kashkari should be the MF Fed Chair,https://finance.yahoo.com/news/fed-kashkari-says-not-fazed-174647490.html,[],0,0,0,0,0,0,0,0,0,0,0,0,0,0,0,2021-02-01 21:50:14.412325
I like the stock gme (not a financial advice),https://i.redd.it/au4tocmg6ze61.jpg,[],0,0,0,0,0,0,0,0,0,0,0,0,0,0,0,2021-02-01 21:50:14.412325
A journey without bumpy road isnâ€™t fun! Hold!,https://i.redd.it/7vjiyyzf6ze61.jpg,[],0,0,0,0,0,0,0,0,0,0,0,0,0,0,0,2021-02-01 21:50:14.412325
AMC Holding Strong ğŸš€ğŸš€ğŸš€,https://i.redd.it/bis2nx3b6ze61.jpg,['AMC'],0,0,0,1,0,0,0,0,0,0,0,0,0,0,0,2021-02-01 21:50:14.412325
"HEY MELVIN, I DIDNT HEAR ANY BELL. I CAN HOLD ALL DAY LONG.",https://i.redd.it/w5000e6s5ze61.jpg,[],0,0,0,0,0,0,0,0,0,0,0,0,0,0,0,2021-02-01 21:50:14.412325
Only Down...Not Out!,https://i.redd.it/uc9lgyyt5ze61.png,[],0,0,0,0,0,0,0,0,0,0,0,0,0,0,0,2021-02-01 21:50:14.412325
They say Robinhood stopped its users from buying GME because of requirement with Clearinghouse,https://www.reddit.com/r/wallstreetbets/comments/lal4ku/they_say_robinhood_stopped_its_users_from_buying/,['GME'],1,0,0,0,0,0,0,0,0,0,0,0,0,0,0,2021-02-01 21:50:14.412325
Thatâ€™s all the confirmation bias I needed.. BUYING MORE AT OPENğŸš€ğŸš€ğŸš€ğŸš€ğŸš€ğŸš€ğŸš€,https://fxn.ws/3ctfR7b,['OPEN'],0,0,0,0,0,0,0,0,0,0,1,0,0,0,0,2021-02-01 21:50:14.412325
ğŸ’ğŸ¤²ğŸ» Were going to the moon boys ğŸš€ğŸš€,https://i.redd.it/zt4lnulj5ze61.jpg,[],0,0,0,0,0,0,0,0,0,0,0,0,0,0,0,2021-02-01 21:50:14.412325
it ainâ€™t much but itâ€™s honest work ğŸ’ğŸ™Œ,https://i.redd.it/hamdfwvi5ze61.jpg,[],0,0,0,0,0,0,0,0,0,0,0,0,0,0,0,2021-02-01 21:50:14.412325
STICK TOGETHER NOW OR GO DOWN IN VAIN,https://www.reddit.com/r/wallstreetbets/comments/lal2rs/stick_together_now_or_go_down_in_vain/,[],0,0,0,0,0,0,0,0,0,0,0,0,0,0,0,2021-02-01 21:50:14.412325
Just jumped in today with GME and AMC with Capital.com. Once the dip occurred it auto sold everything at a loss even thought I had no stop loss can someone explain this?,https://www.reddit.com/gallery/lal2m6,"['GME', 'AMC']",1,0,0,1,0,0,0,0,0,0,0,0,0,0,0,2021-02-01 21:50:14.412325
ğŸ’ğŸ™ŒğŸ¼,https://i.redd.it/v3q12drb5ze61.jpg,[],0,0,0,0,0,0,0,0,0,0,0,0,0,0,0,2021-02-01 21:50:14.412325
"Fake News, Hedge Funds and why the media is a bunch of butt pirates ğŸš€",https://www.reddit.com/r/wallstreetbets/comments/lal2db/fake_news_hedge_funds_and_why_the_media_is_a/,[],0,0,0,0,0,0,0,0,0,0,0,0,0,0,0,2021-02-01 21:50:14.412325
$820K IN $GME LETS GOOOO ğŸš€ğŸš€ğŸš€ğŸš€,https://i.redd.it/bi7f71n75ze61.jpg,[],0,0,0,0,0,0,0,0,0,0,0,0,0,0,0,2021-02-01 21:50:14.412325
Courtesy of u/terribletraderIG - This is the caliber of memes that were posted before there were 1M subs.,https://v.redd.it/04ijxxep4ze61,[],0,0,0,0,0,0,0,0,0,0,0,0,0,0,0,2021-02-01 21:50:14.412325
Staying focused on GME for a reason.,https://www.reddit.com/r/wallstreetbets/comments/lal1d3/staying_focused_on_gme_for_a_reason/,['GME'],1,0,0,0,0,0,0,0,0,0,0,0,0,0,0,2021-02-01 21:50:14.412325
How come no one is talking about the DUPLICATE charts of GME / AMC today? This was completely coordinated Every Dip and Every Peak Lined up perfectly,https://www.reddit.com/gallery/lal147,"['GME', 'AMC']",1,0,0,1,0,0,0,0,0,0,0,0,0,0,0,2021-02-01 21:50:14.412325
"GME Discussion Thread for February 1, 2021 - Part 4, Shrek Forever After Hours",https://www.reddit.com/r/wallstreetbets/comments/lal105/gme_discussion_thread_for_february_1_2021_part_4/,['GME'],1,0,0,0,0,0,0,0,0,0,0,0,0,0,0,2021-02-01 21:50:14.412325
Does anyone know why the price for GME is different across three platforms?,https://i.redd.it/ig335uur4ze61.jpg,['GME'],1,0,0,0,0,0,0,0,0,0,0,0,0,0,0,2021-02-01 21:50:14.412325
Iâ€™m just really looking forward to movie theaters opening back up ğŸ¿ ğŸš€,https://i.redd.it/8yxl37si4ze61.jpg,[],0,0,0,0,0,0,0,0,0,0,0,0,0,0,0,2021-02-01 21:50:14.412325
"New York Times Stock, Thoughts and feelings. Not financial advice. First I will wait to end my GME position as I need more cash.",https://www.reddit.com/r/wallstreetbets/comments/lakzi3/new_york_times_stock_thoughts_and_feelings_not/,['GME'],1,0,0,0,0,0,0,0,0,0,0,0,0,0,0,2021-02-01 21:50:14.412325
Holding for me holding for all of us. YOU HAVE TO DO THE SAME ğŸ’ğŸ™Œ,https://i.redd.it/zee085re4ze61.jpg,"['YOU', 'SAME']",0,0,0,0,0,0,0,0,0,0,0,1,1,0,0,2021-02-01 21:50:14.412325
"Today hurt, but stay strong! the moon awaits us.",https://i.redd.it/k77dsbg74ze61.jpg,[],0,0,0,0,0,0,0,0,0,0,0,0,0,0,0,2021-02-01 21:50:14.412325
I didn't drop over half my savings towards a house to be sold out by ğŸ§»âœ‹ bitches. ğŸ’ğŸ™Œ and we win.,https://i.redd.it/jusk0za94ze61.png,[],0,0,0,0,0,0,0,0,0,0,0,0,0,0,0,2021-02-01 21:50:14.412325
Prediction: Robinhood is raising their GME limit only to lower it abruptly and screw everyone again,https://www.reddit.com/r/wallstreetbets/comments/laky5y/prediction_robinhood_is_raising_their_gme_limit/,['GME'],1,0,0,0,0,0,0,0,0,0,0,0,0,0,0,2021-02-01 21:50:14.412325
Oh lawd please send it. $NOK,https://www.globenewswire.com/news-release/2021/02/02/2167767/0/en/Nokia-and-StarHub-partner-to-expedite-standalone-5G-services-for-Singapore-customers.html,['NOK'],0,0,0,0,0,0,0,0,1,0,0,0,0,0,0,2021-02-01 21:50:14.412325
$FUBO may be the next best squeeze target after $GME.,https://www.reddit.com/r/wallstreetbets/comments/lakxuk/fubo_may_be_the_next_best_squeeze_target_after_gme/,"['FUBO', 'GME']",1,0,0,0,1,0,0,0,0,0,0,0,0,0,0,2021-02-01 21:50:14.412325
Guh.,https://i.redd.it/rc93nyh04ze61.jpg,[],0,0,0,0,0,0,0,0,0,0,0,0,0,0,0,2021-02-01 21:50:14.412325
I know Iâ€™m being optimistic but.....AMC GO BRRRRRRRğŸš€ğŸš€ğŸŒ‘ğŸŒ‘ğŸŒ‘ğŸŒ‘ğŸŒ‘,https://www.reddit.com/gallery/lakxb1,['AMC'],0,0,0,1,0,0,0,0,0,0,0,0,0,0,0,2021-02-01 21:50:14.412325
HOLDING STRONG FROM AUSTRALIA.,https://i.redd.it/h1r1g4dq3ze61.jpg,[],0,0,0,0,0,0,0,0,0,0,0,0,0,0,0,2021-02-01 21:50:14.412325
"If heâ€™s still in, Iâ€™m still in ğŸ’ğŸ™ŒğŸ»",https://i.redd.it/dndfz2rp3ze61.jpg,[],0,0,0,0,0,0,0,0,0,0,0,0,0,0,0,2021-02-01 21:50:14.412325
Report on suspicious bot activity based out of India for AMC,https://www.notion.so/evandekim/AMC-DD-Wang-Jianlin-and-r-wallstreetbets-save-AMC-from-bankruptcy-1-31-21-28b53ed5ffc0476f80e4037b5ea66b63,['AMC'],0,0,0,1,0,0,0,0,0,0,0,0,0,0,0,2021-02-01 21:50:14.412325
HOLD THE FUCKING LINE PEOPLE!! I'M DOWN MORE THAN WHAT I'VE MADE IN THE LAST 4 YEARS!! IF THIS WAS ABOUT MONEY I WOULD HAVE SOLD!!,https://i.redd.it/n7j6sw3i3ze61.jpg,[],0,0,0,0,0,0,0,0,0,0,0,0,0,0,0,2021-02-01 21:50:14.412325
Down almost 24k on GME but itâ€™s not a loss when you donâ€™t sell 177@54,https://i.redd.it/ot1v0e3h3ze61.jpg,['GME'],1,0,0,0,0,0,0,0,0,0,0,0,0,0,0,2021-02-01 21:50:14.412325
Vlad to testify feb 18,https://www.reddit.com/r/technology/comments/lah0rj/robinhood_ceo_expected_to_testify_before_us_house/?utm_source=share&utm_medium=ios_app&utm_name=iossmf,[],0,0,0,0,0,0,0,0,0,0,0,0,0,0,0,2021-02-01 21:50:14.412325
HOLD ON. THERE ARE NO MORE SHARES TO SHORT ON GME. WE ARE HEADED TO ALPHA CENTAURI.,https://i.redd.it/62jli5i93ze61.jpg,[],0,0,0,0,0,0,0,0,0,0,0,0,0,0,0,2021-02-01 21:50:14.412325
On a serious note!,https://www.reddit.com/r/wallstreetbets/comments/lakt6q/on_a_serious_note/,[],0,0,0,0,0,0,0,0,0,0,0,0,0,0,0,2021-02-01 21:50:14.412325
ğŸ’ğŸ™ŒğŸ¦ğŸ¦ğŸ¦ I have conviction and will see it through! Kill the bears! What one man can do another can do!,https://i.redd.it/rkbm4mjt2ze61.jpg,[],0,0,0,0,0,0,0,0,0,0,0,0,0,0,0,2021-02-01 21:50:14.412325
ğŸ˜ğŸ’ğŸ™ŒğŸ½,https://i.redd.it/t0hr7hnr2ze61.jpg,[],0,0,0,0,0,0,0,0,0,0,0,0,0,0,0,2021-02-01 21:50:14.412325
Its beautiful ğŸ˜­ nothin to do but buy those discounted dippers and HOTMFL ğŸ’ğŸ’ğŸ’ğŸ¤²ğŸ¤²ğŸ¤²ğŸ’ğŸ’ğŸ’,https://i.redd.it/5im9dd9r2ze61.jpg,[],0,0,0,0,0,0,0,0,0,0,0,0,0,0,0,2021-02-01 21:50:14.412325
Wish I pulled out this morning lol. Had a good run with GME and profited enough over the last several days to make up for being unemployed for most of last year. I Learned a lot over the last 2 weeks and can't wait to utilize new found knowledge in future trades.,https://i.redd.it/5knlrcjp2ze61.jpg,['GME'],1,0,0,0,0,0,0,0,0,0,0,0,0,0,0,2021-02-01 21:50:14.412325
The truth behind media shilling and taking advantage of the ladder attacks,https://www.reddit.com/r/wallstreetbets/comments/laksdu/the_truth_behind_media_shilling_and_taking/,[],0,0,0,0,0,0,0,0,0,0,0,0,0,0,0,2021-02-01 21:50:14.412325
Do you want level 2 data? Did you switch to fidelity? Here's how to use active trader pro to do just that.,https://www.reddit.com/r/wallstreetbets/comments/lakrt8/do_you_want_level_2_data_did_you_switch_to/,[],0,0,0,0,0,0,0,0,0,0,0,0,0,0,0,2021-02-01 21:50:14.412325
The SLV b.s. today showed what they want us autists to do- scatter. Ape together strong...not financial advice. I like the stock,https://i.redd.it/dfw2g2672ze61.jpg,['SLV'],0,0,0,0,0,0,0,0,0,0,0,0,0,1,0,2021-02-01 21:50:14.412325
Not selling until Melvin licks my 3rd ball.,https://i.redd.it/dxj9ij0b2ze61.jpg,[],0,0,0,0,0,0,0,0,0,0,0,0,0,0,0,2021-02-01 21:50:14.412325
"RH ""raised"" another $2.4B Totally Not Sus at All",https://www.reddit.com/r/wallstreetbets/comments/lakppx/rh_raised_another_24b_totally_not_sus_at_all/,[],0,0,0,0,0,0,0,0,0,0,0,0,0,0,0,2021-02-01 21:50:14.412325
My wife is out getting her own boyfriend bc I didnâ€™t ğŸ§»ğŸ¤² ğŸš€ğŸš€ğŸš€,https://www.reddit.com/gallery/lakov7,[],0,0,0,0,0,0,0,0,0,0,0,0,0,0,0,2021-02-01 21:50:14.412325
My Mom tried to tell me u/DeepFuckingValue sold.,https://www.reddit.com/r/wallstreetbets/comments/lakonx/my_mom_tried_to_tell_me_udeepfuckingvalue_sold/,[],0,0,0,0,0,0,0,0,0,0,0,0,0,0,0,2021-02-01 21:50:14.412325
I can only get so erect ğŸ’ğŸ’,https://i.redd.it/noaahps71ze61.png,[],0,0,0,0,0,0,0,0,0,0,0,0,0,0,0,2021-02-01 21:50:14.412325
momma ainâ€™t raise no b*tch,https://i.redd.it/v3uhvsro1ze61.jpg,[],0,0,0,0,0,0,0,0,0,0,0,0,0,0,0,2021-02-01 21:50:14.412325
10 years of trading discipline out the window... fucking fuckers.,https://i.redd.it/ng7sgv0c1ze61.png,[],0,0,0,0,0,0,0,0,0,0,0,0,0,0,0,2021-02-01 21:50:14.412325
"ALL IN ON GME, but the only other play Iâ€™m making is ticker (B)ig (B)eautiful (W)omen or buildabear freaking workshp.",https://www.reddit.com/r/wallstreetbets/comments/laknb8/all_in_on_gme_but_the_only_other_play_im_making/,"['ALL', 'GME']",1,0,0,0,0,0,0,0,0,0,0,0,0,0,1,2021-02-01 21:50:14.412325
Smarter People than me will look at today's short volume at 76million and know what to say,https://www.reddit.com/r/wallstreetbets/comments/lakn7b/smarter_people_than_me_will_look_at_todays_short/,[],0,0,0,0,0,0,0,0,0,0,0,0,0,0,0,2021-02-01 21:50:14.412325
Am i in danger? RH lowered my instant deposit available? Will they liquidate my stocks?,https://i.redd.it/o4dijevg1ze61.jpg,[],0,0,0,0,0,0,0,0,0,0,0,0,0,0,0,2021-02-01 21:50:14.412325
"Stay away from SILVER, apes.",https://www.reddit.com/r/wallstreetbets/comments/lakled/stay_away_from_silver_apes/,[],0,0,0,0,0,0,0,0,0,0,0,0,0,0,0,2021-02-01 21:50:14.412325
"I aint no fool, I'm just a retard ğŸ’ğŸ™ŒğŸ»",https://i.redd.it/itinwyz00ze61.png,[],0,0,0,0,0,0,0,0,0,0,0,0,0,0,0,2021-02-01 21:50:14.412325
"Donâ€™t buy more donâ€™t buy more. No ğŸ§»âœ‹, but dam my avg is high, so tempting to sell and buy back at a lower price but noo.... we hold",https://i.redd.it/ndfhh7aw0ze61.jpg,[],0,0,0,0,0,0,0,0,0,0,0,0,0,0,0,2021-02-01 21:50:14.412325
Kiwi here. Lost 52 hobbits today but still ğŸ’ ğŸ™ŒğŸ¼,https://i.redd.it/h5ma83ou0ze61.jpg,[],0,0,0,0,0,0,0,0,0,0,0,0,0,0,0,2021-02-01 21:50:14.412325
Quick 4K in the red. Call me Holdin Caufield,https://i.redd.it/nyc2fkfq0ze61.jpg,[],0,0,0,0,0,0,0,0,0,0,0,0,0,0,0,2021-02-01 21:50:14.412325
Ok listen up retards! ğŸ¦ğŸ¦,https://www.reddit.com/r/wallstreetbets/comments/lakk2t/ok_listen_up_retards/,[],0,0,0,0,0,0,0,0,0,0,0,0,0,0,0,2021-02-01 21:50:14.412325
"WSB - what we do in life, echoes an eternity",https://i.redd.it/35rkxmaa0ze61.gif,[],0,0,0,0,0,0,0,0,0,0,0,0,0,0,0,2021-02-01 21:50:14.412325
HOOOOOOLLLLDDD!!!!!!! They do be getting desperate!,https://v.redd.it/tj7t5kgkaze61,[],0,0,0,0,0,0,0,0,0,0,0,0,0,0,0,2021-02-01 21:53:00.739161
"Let's talk about the GME $800 Calls for 2/5, 2/12, 2/19 and 3/19",https://www.reddit.com/r/wallstreetbets/comments/lalnju/lets_talk_about_the_gme_800_calls_for_25_212_219/,['GME'],1,0,0,0,0,0,0,0,0,0,0,0,0,0,0,2021-02-01 21:53:00.739161
From the Wolf of Wall Street himself...,https://i.redd.it/oxkh5xkzaze61.png,[],0,0,0,0,0,0,0,0,0,0,0,0,0,0,0,2021-02-01 21:53:00.739161
The Squeeze Has Been Squoze,https://www.reddit.com/r/wallstreetbets/comments/laln06/the_squeeze_has_been_squoze/,[],0,0,0,0,0,0,0,0,0,0,0,0,0,0,0,2021-02-01 21:53:00.739161
"Youâ€™ve seen the 1 share gang, but have you seen the even more broke, .13 share gang? (I got investing money for my birthday)",https://i.redd.it/xrq8870uaze61.jpg,[],0,0,0,0,0,0,0,0,0,0,0,0,0,0,0,2021-02-01 21:53:00.739161
We win some and lose some but theres always a tomorrow ğŸ™ƒ,https://i.redd.it/lreoea8raze61.png,[],0,0,0,0,0,0,0,0,0,0,0,0,0,0,0,2021-02-01 21:53:00.739161
Itâ€™s time for action.,https://www.reddit.com/r/wallstreetbets/comments/lalm9y/its_time_for_action/,[],0,0,0,0,0,0,0,0,0,0,0,0,0,0,0,2021-02-01 21:53:00.739161
HOLD YOU FUCKING APES!,https://i.redd.it/6x9502nlaze61.png,[],0,0,0,0,0,0,0,0,0,0,0,0,0,0,0,2021-02-01 21:53:00.739161
Diamond Hands 20 Years From Now,https://v.redd.it/ztf9g3nfaze61,[],0,0,0,0,0,0,0,0,0,0,0,0,0,0,0,2021-02-01 21:53:00.739161
$GME Down. I panicked. So I went to my Fidelity Account and bought more shares.,https://i.redd.it/x3cmup3gaze61.jpg,['GME'],1,0,0,0,0,0,0,0,0,0,0,0,0,0,0,2021-02-01 21:53:00.739161
GME loss porn. STILL HOLDING. Options settlement tomorrow from fridays ITM calls ğŸ’ğŸ™ŒğŸ¤«,https://i.redd.it/gb0xb8c7aze61.jpg,"['GME', 'ITM']",1,1,0,0,0,0,0,0,0,0,0,0,0,0,0,2021-02-01 21:53:00.739161
Yahoo Finance shows institutions own 122% of GME...what?,https://www.reddit.com/r/wallstreetbets/comments/lalkff/yahoo_finance_shows_institutions_own_122_of/,['GME'],1,0,0,0,0,0,0,0,0,0,0,0,0,0,0,2021-02-01 21:53:00.739161
Why is no one talking about short volume as a percent of total volume?,https://www.reddit.com/r/wallstreetbets/comments/lalked/why_is_no_one_talking_about_short_volume_as_a/,[],0,0,0,0,0,0,0,0,0,0,0,0,0,0,0,2021-02-01 21:53:00.739161
"Hey, i'm still holding. Are you? ğŸ’ğŸ‘",https://i.redd.it/37qg81ay9ze61.png,[],0,0,0,0,0,0,0,0,0,0,0,0,0,0,0,2021-02-01 21:53:00.739161
Still holding ğŸ’ğŸ™ğŸ» GME TO THE MOONğŸš€ğŸš€ğŸš€,https://i.redd.it/t686r3kw9ze61.jpg,"['GME', 'MOON']",1,0,1,0,0,0,0,0,0,0,0,0,0,0,0,2021-02-01 21:53:00.739161
Don't get scared by the low volume short attack. This is the reality!ğŸš€ğŸ’ğŸ™ŒğŸ» GME AMC,https://i.redd.it/6whbgc2w9ze61.jpg,"['GME', 'AMC']",1,0,0,1,0,0,0,0,0,0,0,0,0,0,0,2021-02-01 21:53:00.739161
"WE MAY BLEAD, BUT I WONT LEAVE!ğŸ¦ğŸ’âœŠ",https://i.redd.it/r77ochfu9ze61.jpg,[],0,0,0,0,0,0,0,0,0,0,0,0,0,0,0,2021-02-01 21:53:00.739161
"Seeing all the red just makes me want to buy more, am I retarded or something?",https://i.redd.it/080ny4ip9ze61.jpg,[],0,0,0,0,0,0,0,0,0,0,0,0,0,0,0,2021-02-01 21:53:00.739161
"Low volume, high holding.",https://www.reddit.com/r/wallstreetbets/comments/lalimc/low_volume_high_holding/,[],0,0,0,0,0,0,0,0,0,0,0,0,0,0,0,2021-02-01 21:53:00.739161
"Down $100k today. If I can hold, you can hold!",https://i.redd.it/7uoxgwun9ze61.jpg,[],0,0,0,0,0,0,0,0,0,0,0,0,0,0,0,2021-02-01 21:53:00.739161
Short ladder for smoothest brains,https://www.reddit.com/r/wallstreetbets/comments/lalhkz/short_ladder_for_smoothest_brains/,[],0,0,0,0,0,0,0,0,0,0,0,0,0,0,0,2021-02-01 21:53:00.739161
GameStopâ€™s short squeeze vs Volkswagenâ€™s,https://i.redd.it/rje1nefd9ze61.jpg,[],0,0,0,0,0,0,0,0,0,0,0,0,0,0,0,2021-02-01 21:53:00.739161
Continuing DD wrt SEC Violations and Market Manipulation,https://www.reddit.com/r/wallstreetbets/comments/lalhfl/continuing_dd_wrt_sec_violations_and_market/,[],0,0,0,0,0,0,0,0,0,0,0,0,0,0,0,2021-02-01 21:53:00.739161
Youâ€™re not alone. Down 41% on 300 shares $GME and holding until the ğŸš€ blows past Uranus.,https://i.redd.it/m6q7opfc9ze61.jpg,['GME'],1,0,0,0,0,0,0,0,0,0,0,0,0,0,0,2021-02-01 21:53:00.739161
$FUBO DD - This stock could moon,https://www.reddit.com/r/wallstreetbets/comments/lalgc9/fubo_dd_this_stock_could_moon/,['FUBO'],0,0,0,0,1,0,0,0,0,0,0,0,0,0,0,2021-02-01 21:53:00.739161
Still holding ğŸš€,https://i.redd.it/n6i3hew19ze61.jpg,[],0,0,0,0,0,0,0,0,0,0,0,0,0,0,0,2021-02-01 21:53:00.739161
Quick rundown on XL,https://www.reddit.com/r/wallstreetbets/comments/lalg87/quick_rundown_on_xl/,[],0,0,0,0,0,0,0,0,0,0,0,0,0,0,0,2021-02-01 21:53:00.739161
"Options exercised. Foodstamps or Lambos. They wouldn't accept my lengthy text story, so here it is in screenshots.",https://www.reddit.com/gallery/lalez1,[],0,0,0,0,0,0,0,0,0,0,0,0,0,0,0,2021-02-01 21:53:00.739161
Ocean's GME: The Biggest Heist in History,https://v.redd.it/jxjver4q7ze61,['GME'],1,0,0,0,0,0,0,0,0,0,0,0,0,0,0,2021-02-01 21:53:00.739161
BUY AND HOLD COMRADES! DOING MY SMALL BIT.. THE REST IS TIED INTO AMC,https://i.redd.it/v6fxcybj8ze61.jpg,[],0,0,0,0,0,0,0,0,0,0,0,0,0,0,0,2021-02-01 21:53:00.739161
"IF ANYONE IS FINDING IT HARD TO HOLD, JUST HAVE A GOOD WANK THINKING ABOUT THE MOON AND THEN BUY MORE SHARES",https://www.reddit.com/r/wallstreetbets/comments/laldt4/if_anyone_is_finding_it_hard_to_hold_just_have_a/,[],0,0,0,0,0,0,0,0,0,0,0,0,0,0,0,2021-02-01 21:53:00.739161
My first amateur WSB loss porn!,https://i.redd.it/uorvowf68ze61.jpg,[],0,0,0,0,0,0,0,0,0,0,0,0,0,0,0,2021-02-01 21:53:00.739161
I hope as a community we can respect /u/DeepFuckingValue's decision if/when he decides to sell $GME and not flip out on a guy who's never once said he's planning to hold till the end of time.,https://www.reddit.com/r/wallstreetbets/comments/lald38/i_hope_as_a_community_we_can_respect/,['GME'],1,0,0,0,0,0,0,0,0,0,0,0,0,0,0,2021-02-01 21:53:00.739161
"THE VW SQUEEZE CHART THAT IS BEING CIRCULATED IS PRICED IN GERMAN CURRENCY, NOT US DOLLARS...",https://www.reddit.com/r/wallstreetbets/comments/lalcvu/the_vw_squeeze_chart_that_is_being_circulated_is/,[],0,0,0,0,0,0,0,0,0,0,0,0,0,0,0,2021-02-01 21:53:00.739161
MODS PLEASE DON'T DELETE - Serious comment about discussing legality of GME shorts!,https://www.reddit.com/r/wallstreetbets/comments/lalcjr/mods_please_dont_delete_serious_comment_about/,"['MODS', ""N'T"", 'GME']",1,0,0,0,0,1,1,0,0,0,0,0,0,0,0,2021-02-01 21:53:00.739161
Do I sell all my AAPL and huck it into this GME dip? Yes or yes?,https://i.redd.it/jfyeuyt08ze61.jpg,"['AAPL', 'GME']",1,0,0,0,0,0,0,1,0,0,0,0,0,0,0,2021-02-01 21:53:00.739161
Can only go up from here right? 120k+ loss ğŸš€ğŸš€ğŸš€ğŸš€ğŸŒ,https://i.redd.it/l3uk742r7ze61.jpg,[],0,0,0,0,0,0,0,0,0,0,0,0,0,0,0,2021-02-01 21:53:00.739161
How to give Robinhood a Red Dildo (hint: don't go the class action route for max pain).,https://www.reddit.com/r/wallstreetbets/comments/lalaqy/how_to_give_robinhood_a_red_dildo_hint_dont_go/,[],0,0,0,0,0,0,0,0,0,0,0,0,0,0,0,2021-02-01 21:53:00.739161
ğŸğŸ=ğŸ’¯ ğŸš€ğŸ’ğŸš€ğŸ’ğŸš€ğŸ’ğŸš€ğŸ’,https://i.redd.it/wrsy4c1c7ze61.jpg,[],0,0,0,0,0,0,0,0,0,0,0,0,0,0,0,2021-02-01 21:53:00.739161
When to expect movement on $GME,https://www.reddit.com/r/wallstreetbets/comments/lal9mt/when_to_expect_movement_on_gme/,['GME'],1,0,0,0,0,0,0,0,0,0,0,0,0,0,0,2021-02-01 21:53:00.739161
"Check out this post about short selling, oft shorted stocks (the ones doing crazy stuff right now) & Elon Muskâ€™s dislike of shorting",https://www.investors.com/news/technology/shorting-a-stock-short-selling/,[],0,0,0,0,0,0,0,0,0,0,0,0,0,0,0,2021-02-01 21:53:00.739161
I lost a very valuable 80k+ from the top. I am not fucking leaving!!! 641 I'm ready to ride this to $0 if that's what it will take. I can be retarded longer than you can be solvent!!,https://i.redd.it/j3lfqytv6ze61.jpg,[],0,0,0,0,0,0,0,0,0,0,0,0,0,0,0,2021-02-01 21:53:00.739161
Act of retarded solidarity. I bought some shares of NOK and BB with my IRA. I'm not selling for another 40 years.ğŸ™ŒğŸ’ğŸ’ğŸ’ğŸ’ğŸš€ğŸš€ğŸš€ğŸš€ğŸŒ,https://i.redd.it/sjozniiq6ze61.png,"['NOK', 'IRA']",0,0,0,0,0,0,0,0,1,1,0,0,0,0,0,2021-02-01 21:53:00.739161
I like the stock and Free Tendies,https://i.redd.it/z10bwjjp6ze61.jpg,[],0,0,0,0,0,0,0,0,0,0,0,0,0,0,0,2021-02-01 21:53:00.739161
Still holding bitches. $37/share average. Letâ€™s go!,https://i.redd.it/ijdr3rdp6ze61.jpg,[],0,0,0,0,0,0,0,0,0,0,0,0,0,0,0,2021-02-01 21:53:00.739161
WHOS WITH ME?,https://i.redd.it/c4a2cnrl6ze61.png,[],0,0,0,0,0,0,0,0,0,0,0,0,0,0,0,2021-02-01 21:53:00.739161
"We just put $165k+ into it. We're a small NZ based company, we're with you at https://verum.nz",https://www.reddit.com/gallery/lal7h7,[],0,0,0,0,0,0,0,0,0,0,0,0,0,0,0,2021-02-01 21:53:00.739161
Kashkari should be the MF Fed Chair,https://finance.yahoo.com/news/fed-kashkari-says-not-fazed-174647490.html,[],0,0,0,0,0,0,0,0,0,0,0,0,0,0,0,2021-02-01 21:53:00.739161
I like the stock gme (not a financial advice),https://i.redd.it/au4tocmg6ze61.jpg,[],0,0,0,0,0,0,0,0,0,0,0,0,0,0,0,2021-02-01 21:53:00.739161
A journey without bumpy road isnâ€™t fun! Hold!,https://i.redd.it/7vjiyyzf6ze61.jpg,[],0,0,0,0,0,0,0,0,0,0,0,0,0,0,0,2021-02-01 21:53:00.739161
AMC Holding Strong ğŸš€ğŸš€ğŸš€,https://i.redd.it/bis2nx3b6ze61.jpg,['AMC'],0,0,0,1,0,0,0,0,0,0,0,0,0,0,0,2021-02-01 21:53:00.739161
"HEY MELVIN, I DIDNT HEAR ANY BELL. I CAN HOLD ALL DAY LONG.",https://i.redd.it/w5000e6s5ze61.jpg,[],0,0,0,0,0,0,0,0,0,0,0,0,0,0,0,2021-02-01 21:53:00.739161
Only Down...Not Out!,https://i.redd.it/uc9lgyyt5ze61.png,[],0,0,0,0,0,0,0,0,0,0,0,0,0,0,0,2021-02-01 21:53:00.739161
They say Robinhood stopped its users from buying GME because of requirement with Clearinghouse,https://www.reddit.com/r/wallstreetbets/comments/lal4ku/they_say_robinhood_stopped_its_users_from_buying/,['GME'],1,0,0,0,0,0,0,0,0,0,0,0,0,0,0,2021-02-01 21:53:00.739161
Thatâ€™s all the confirmation bias I needed.. BUYING MORE AT OPENğŸš€ğŸš€ğŸš€ğŸš€ğŸš€ğŸš€ğŸš€,https://fxn.ws/3ctfR7b,['OPEN'],0,0,0,0,0,0,0,0,0,0,1,0,0,0,0,2021-02-01 21:53:00.739161
ğŸ’ğŸ¤²ğŸ» Were going to the moon boys ğŸš€ğŸš€,https://i.redd.it/zt4lnulj5ze61.jpg,[],0,0,0,0,0,0,0,0,0,0,0,0,0,0,0,2021-02-01 21:53:00.739161
it ainâ€™t much but itâ€™s honest work ğŸ’ğŸ™Œ,https://i.redd.it/hamdfwvi5ze61.jpg,[],0,0,0,0,0,0,0,0,0,0,0,0,0,0,0,2021-02-01 21:53:00.739161
STICK TOGETHER NOW OR GO DOWN IN VAIN,https://www.reddit.com/r/wallstreetbets/comments/lal2rs/stick_together_now_or_go_down_in_vain/,[],0,0,0,0,0,0,0,0,0,0,0,0,0,0,0,2021-02-01 21:53:00.739161
Just jumped in today with GME and AMC with Capital.com. Once the dip occurred it auto sold everything at a loss even thought I had no stop loss can someone explain this?,https://www.reddit.com/gallery/lal2m6,"['GME', 'AMC']",1,0,0,1,0,0,0,0,0,0,0,0,0,0,0,2021-02-01 21:53:00.739161
ğŸ’ğŸ™ŒğŸ¼,https://i.redd.it/v3q12drb5ze61.jpg,[],0,0,0,0,0,0,0,0,0,0,0,0,0,0,0,2021-02-01 21:53:00.739161
"Fake News, Hedge Funds and why the media is a bunch of butt pirates ğŸš€",https://www.reddit.com/r/wallstreetbets/comments/lal2db/fake_news_hedge_funds_and_why_the_media_is_a/,[],0,0,0,0,0,0,0,0,0,0,0,0,0,0,0,2021-02-01 21:53:00.739161
$820K IN $GME LETS GOOOO ğŸš€ğŸš€ğŸš€ğŸš€,https://i.redd.it/bi7f71n75ze61.jpg,[],0,0,0,0,0,0,0,0,0,0,0,0,0,0,0,2021-02-01 21:53:00.739161
Courtesy of u/terribletraderIG - This is the caliber of memes that were posted before there were 1M subs.,https://v.redd.it/04ijxxep4ze61,[],0,0,0,0,0,0,0,0,0,0,0,0,0,0,0,2021-02-01 21:53:00.739161
Staying focused on GME for a reason.,https://www.reddit.com/r/wallstreetbets/comments/lal1d3/staying_focused_on_gme_for_a_reason/,['GME'],1,0,0,0,0,0,0,0,0,0,0,0,0,0,0,2021-02-01 21:53:00.739161
How come no one is talking about the DUPLICATE charts of GME / AMC today? This was completely coordinated Every Dip and Every Peak Lined up perfectly,https://www.reddit.com/gallery/lal147,"['GME', 'AMC']",1,0,0,1,0,0,0,0,0,0,0,0,0,0,0,2021-02-01 21:53:00.739161
"GME Discussion Thread for February 1, 2021 - Part 4, Shrek Forever After Hours",https://www.reddit.com/r/wallstreetbets/comments/lal105/gme_discussion_thread_for_february_1_2021_part_4/,['GME'],1,0,0,0,0,0,0,0,0,0,0,0,0,0,0,2021-02-01 21:53:00.739161
Does anyone know why the price for GME is different across three platforms?,https://i.redd.it/ig335uur4ze61.jpg,['GME'],1,0,0,0,0,0,0,0,0,0,0,0,0,0,0,2021-02-01 21:53:00.739161
Iâ€™m just really looking forward to movie theaters opening back up ğŸ¿ ğŸš€,https://i.redd.it/8yxl37si4ze61.jpg,[],0,0,0,0,0,0,0,0,0,0,0,0,0,0,0,2021-02-01 21:53:00.739161
"New York Times Stock, Thoughts and feelings. Not financial advice. First I will wait to end my GME position as I need more cash.",https://www.reddit.com/r/wallstreetbets/comments/lakzi3/new_york_times_stock_thoughts_and_feelings_not/,['GME'],1,0,0,0,0,0,0,0,0,0,0,0,0,0,0,2021-02-01 21:53:00.739161
Holding for me holding for all of us. YOU HAVE TO DO THE SAME ğŸ’ğŸ™Œ,https://i.redd.it/zee085re4ze61.jpg,"['YOU', 'SAME']",0,0,0,0,0,0,0,0,0,0,0,1,1,0,0,2021-02-01 21:53:00.739161
"Today hurt, but stay strong! the moon awaits us.",https://i.redd.it/k77dsbg74ze61.jpg,[],0,0,0,0,0,0,0,0,0,0,0,0,0,0,0,2021-02-01 21:53:00.739161
I didn't drop over half my savings towards a house to be sold out by ğŸ§»âœ‹ bitches. ğŸ’ğŸ™Œ and we win.,https://i.redd.it/jusk0za94ze61.png,[],0,0,0,0,0,0,0,0,0,0,0,0,0,0,0,2021-02-01 21:53:00.739161
Prediction: Robinhood is raising their GME limit only to lower it abruptly and screw everyone again,https://www.reddit.com/r/wallstreetbets/comments/laky5y/prediction_robinhood_is_raising_their_gme_limit/,['GME'],1,0,0,0,0,0,0,0,0,0,0,0,0,0,0,2021-02-01 21:53:00.739161
Oh lawd please send it. $NOK,https://www.globenewswire.com/news-release/2021/02/02/2167767/0/en/Nokia-and-StarHub-partner-to-expedite-standalone-5G-services-for-Singapore-customers.html,['NOK'],0,0,0,0,0,0,0,0,1,0,0,0,0,0,0,2021-02-01 21:53:00.739161
$FUBO may be the next best squeeze target after $GME.,https://www.reddit.com/r/wallstreetbets/comments/lakxuk/fubo_may_be_the_next_best_squeeze_target_after_gme/,"['FUBO', 'GME']",1,0,0,0,1,0,0,0,0,0,0,0,0,0,0,2021-02-01 21:53:00.739161
Guh.,https://i.redd.it/rc93nyh04ze61.jpg,[],0,0,0,0,0,0,0,0,0,0,0,0,0,0,0,2021-02-01 21:53:00.739161
I know Iâ€™m being optimistic but.....AMC GO BRRRRRRRğŸš€ğŸš€ğŸŒ‘ğŸŒ‘ğŸŒ‘ğŸŒ‘ğŸŒ‘,https://www.reddit.com/gallery/lakxb1,['AMC'],0,0,0,1,0,0,0,0,0,0,0,0,0,0,0,2021-02-01 21:53:00.739161
HOLDING STRONG FROM AUSTRALIA.,https://i.redd.it/h1r1g4dq3ze61.jpg,[],0,0,0,0,0,0,0,0,0,0,0,0,0,0,0,2021-02-01 21:53:00.739161
"If heâ€™s still in, Iâ€™m still in ğŸ’ğŸ™ŒğŸ»",https://i.redd.it/dndfz2rp3ze61.jpg,[],0,0,0,0,0,0,0,0,0,0,0,0,0,0,0,2021-02-01 21:53:00.739161
Report on suspicious bot activity based out of India for AMC,https://www.notion.so/evandekim/AMC-DD-Wang-Jianlin-and-r-wallstreetbets-save-AMC-from-bankruptcy-1-31-21-28b53ed5ffc0476f80e4037b5ea66b63,['AMC'],0,0,0,1,0,0,0,0,0,0,0,0,0,0,0,2021-02-01 21:53:00.739161
HOLD THE FUCKING LINE PEOPLE!! I'M DOWN MORE THAN WHAT I'VE MADE IN THE LAST 4 YEARS!! IF THIS WAS ABOUT MONEY I WOULD HAVE SOLD!!,https://i.redd.it/n7j6sw3i3ze61.jpg,[],0,0,0,0,0,0,0,0,0,0,0,0,0,0,0,2021-02-01 21:53:00.739161
Down almost 24k on GME but itâ€™s not a loss when you donâ€™t sell 177@54,https://i.redd.it/ot1v0e3h3ze61.jpg,['GME'],1,0,0,0,0,0,0,0,0,0,0,0,0,0,0,2021-02-01 21:53:00.739161
Vlad to testify feb 18,https://www.reddit.com/r/technology/comments/lah0rj/robinhood_ceo_expected_to_testify_before_us_house/?utm_source=share&utm_medium=ios_app&utm_name=iossmf,[],0,0,0,0,0,0,0,0,0,0,0,0,0,0,0,2021-02-01 21:53:00.739161
HOLD ON. THERE ARE NO MORE SHARES TO SHORT ON GME. WE ARE HEADED TO ALPHA CENTAURI.,https://i.redd.it/62jli5i93ze61.jpg,[],0,0,0,0,0,0,0,0,0,0,0,0,0,0,0,2021-02-01 21:53:00.739161
On a serious note!,https://www.reddit.com/r/wallstreetbets/comments/lakt6q/on_a_serious_note/,[],0,0,0,0,0,0,0,0,0,0,0,0,0,0,0,2021-02-01 21:53:00.739161
ğŸ’ğŸ™ŒğŸ¦ğŸ¦ğŸ¦ I have conviction and will see it through! Kill the bears! What one man can do another can do!,https://i.redd.it/rkbm4mjt2ze61.jpg,[],0,0,0,0,0,0,0,0,0,0,0,0,0,0,0,2021-02-01 21:53:00.739161
ğŸ˜ğŸ’ğŸ™ŒğŸ½,https://i.redd.it/t0hr7hnr2ze61.jpg,[],0,0,0,0,0,0,0,0,0,0,0,0,0,0,0,2021-02-01 21:53:00.739161
Its beautiful ğŸ˜­ nothin to do but buy those discounted dippers and HOTMFL ğŸ’ğŸ’ğŸ’ğŸ¤²ğŸ¤²ğŸ¤²ğŸ’ğŸ’ğŸ’,https://i.redd.it/5im9dd9r2ze61.jpg,[],0,0,0,0,0,0,0,0,0,0,0,0,0,0,0,2021-02-01 21:53:00.739161
Wish I pulled out this morning lol. Had a good run with GME and profited enough over the last several days to make up for being unemployed for most of last year. I Learned a lot over the last 2 weeks and can't wait to utilize new found knowledge in future trades.,https://i.redd.it/5knlrcjp2ze61.jpg,['GME'],1,0,0,0,0,0,0,0,0,0,0,0,0,0,0,2021-02-01 21:53:00.739161
The truth behind media shilling and taking advantage of the ladder attacks,https://www.reddit.com/r/wallstreetbets/comments/laksdu/the_truth_behind_media_shilling_and_taking/,[],0,0,0,0,0,0,0,0,0,0,0,0,0,0,0,2021-02-01 21:53:00.739161
Do you want level 2 data? Did you switch to fidelity? Here's how to use active trader pro to do just that.,https://www.reddit.com/r/wallstreetbets/comments/lakrt8/do_you_want_level_2_data_did_you_switch_to/,[],0,0,0,0,0,0,0,0,0,0,0,0,0,0,0,2021-02-01 21:53:00.739161
The SLV b.s. today showed what they want us autists to do- scatter. Ape together strong...not financial advice. I like the stock,https://i.redd.it/dfw2g2672ze61.jpg,['SLV'],0,0,0,0,0,0,0,0,0,0,0,0,0,1,0,2021-02-01 21:53:00.739161
Not selling until Melvin licks my 3rd ball.,https://i.redd.it/dxj9ij0b2ze61.jpg,[],0,0,0,0,0,0,0,0,0,0,0,0,0,0,0,2021-02-01 21:53:00.739161
"RH ""raised"" another $2.4B Totally Not Sus at All",https://www.reddit.com/r/wallstreetbets/comments/lakppx/rh_raised_another_24b_totally_not_sus_at_all/,[],0,0,0,0,0,0,0,0,0,0,0,0,0,0,0,2021-02-01 21:53:00.739161
My wife is out getting her own boyfriend bc I didnâ€™t ğŸ§»ğŸ¤² ğŸš€ğŸš€ğŸš€,https://www.reddit.com/gallery/lakov7,[],0,0,0,0,0,0,0,0,0,0,0,0,0,0,0,2021-02-01 21:53:00.739161
My Mom tried to tell me u/DeepFuckingValue sold.,https://www.reddit.com/r/wallstreetbets/comments/lakonx/my_mom_tried_to_tell_me_udeepfuckingvalue_sold/,[],0,0,0,0,0,0,0,0,0,0,0,0,0,0,0,2021-02-01 21:53:00.739161
I can only get so erect ğŸ’ğŸ’,https://i.redd.it/noaahps71ze61.png,[],0,0,0,0,0,0,0,0,0,0,0,0,0,0,0,2021-02-01 21:53:00.739161
momma ainâ€™t raise no b*tch,https://i.redd.it/v3uhvsro1ze61.jpg,[],0,0,0,0,0,0,0,0,0,0,0,0,0,0,0,2021-02-01 21:53:00.739161
10 years of trading discipline out the window... fucking fuckers.,https://i.redd.it/ng7sgv0c1ze61.png,[],0,0,0,0,0,0,0,0,0,0,0,0,0,0,0,2021-02-01 21:53:00.739161
"ALL IN ON GME, but the only other play Iâ€™m making is ticker (B)ig (B)eautiful (W)omen or buildabear freaking workshp.",https://www.reddit.com/r/wallstreetbets/comments/laknb8/all_in_on_gme_but_the_only_other_play_im_making/,"['ALL', 'GME']",1,0,0,0,0,0,0,0,0,0,0,0,0,0,1,2021-02-01 21:53:00.739161
