title,url,tics,GME,YOLO,BACK,OFF,LIE,JOSH,NONE,Datetime
Times Square right now,https://v.redd.it/x64z70f7eie61,[],0,0,0,0,0,0,0,2021-02-01 21:50:19.576725
UPVOTE so everyone sees we got SUPPORT,https://i.redd.it/sgoqy8nyt2e61.png,[],0,0,0,0,0,0,0,2021-02-01 21:50:19.576725
GME YOLO update ‚Äî Jan 28 2021,https://i.redd.it/opzucppb15e61.png,"['GME', 'YOLO']",1,1,0,0,0,0,0,2021-02-01 21:50:19.576725
GME YOLO month-end update ‚Äî Jan 2021,https://i.redd.it/r557em3t5ce61.png,"['GME', 'YOLO']",1,1,0,0,0,0,0,2021-02-01 21:50:19.576725
"CLASS ACTION AGAINST ROBINHOOD. Allowing people to only sell is the definition of market manipulation. A class action must be started, Robinhood has made plenty of money off selling info about our trades to the hedge funds to be able to pay out a little for causing people to loose money now",https://www.reddit.com/r/wallstreetbets/comments/l6x130/class_action_against_robinhood_allowing_people_to/,[],0,0,0,0,0,0,0,2021-02-01 21:50:19.576725
It‚Äôs treason then,https://i.redd.it/d3t66lv1yce61.jpg,[],0,0,0,0,0,0,0,2021-02-01 21:50:19.576725
"Used some of my GME tendies to buy Nintendo Switches from Gamestop, then donated them to a Children's Hospital. Got featured on the local news and brought glory to WSB.",https://www.nbcdfw.com/news/local/north-texas-investor-uses-gamestop-gains-help-sick-children/2537134/,['GME'],1,0,0,0,0,0,0,2021-02-01 21:50:19.576725
GME YOLO update ‚Äî Jan 27 2021 --------------------------------------- guess i need 102 characters in title now,https://i.redd.it/a309gkm5yxd61.png,"['GME', 'YOLO']",1,1,0,0,0,0,0,2021-02-01 21:50:19.576725
IT'S POWER TO THE TRADERS NOW,https://v.redd.it/lu8aekujd6e61,[],0,0,0,0,0,0,0,2021-02-01 21:50:19.576725
Can we all take a moment and appreciate the Mods who have grinded through this and held our community together. Thank you.,https://www.reddit.com/r/wallstreetbets/comments/l6jobf/can_we_all_take_a_moment_and_appreciate_the_mods/,[],0,0,0,0,0,0,0,2021-02-01 21:50:19.576725
That‚Äôs what I thought,https://i.redd.it/f2yhugwt5de61.jpg,[],0,0,0,0,0,0,0,2021-02-01 21:50:19.576725
I am proud to do my part in paying forward our good fortune with a donation of 6 Nintendo Switches and games to go with them to the Children‚Äôs Minnesota Hospital. Cant Stop. Won‚Äôt Stop. GameStop. (Still long 50 shares I WILL NOT SELL),https://i.redd.it/sgrbt9vthke61.jpg,[],0,0,0,0,0,0,0,2021-02-01 21:50:19.576725
"It runs very deep, my friends.",https://i.redd.it/b8zy92sy85e61.jpg,[],0,0,0,0,0,0,0,2021-02-01 21:50:19.576725
Crazy mannnnnnn. We can't let this slide at all,https://i.redd.it/8bels7zob4e61.jpg,[],0,0,0,0,0,0,0,2021-02-01 21:50:19.576725
Drew this for you my fellow retards üíéüôåüèº,https://i.redd.it/h7sap8vb5qe61.jpg,[],0,0,0,0,0,0,0,2021-02-01 21:50:19.576725
AOC got our backs,https://i.redd.it/3v5c5quc5yd61.png,[],0,0,0,0,0,0,0,2021-02-01 21:50:19.576725
GME YOLO update ‚Äî Feb 1 2021,https://i.redd.it/og8ca1xskxe61.png,"['GME', 'YOLO']",1,1,0,0,0,0,0,2021-02-01 21:50:19.576725
I‚Äôm so proud of you all.,https://i.redd.it/ykiux57d65e61.jpg,[],0,0,0,0,0,0,0,2021-02-01 21:50:19.576725
WE'RE IN THE ENDGAME NOW,https://v.redd.it/ilaw5wowd8e61,[],0,0,0,0,0,0,0,2021-02-01 21:50:19.576725
In honor of finally seeing the almighty u/deepfuckingvalue. We must now do our part in having him written in the history books as the greatest that WallStreetBets has ever seen.,https://i.redd.it/2a8b56my8be61.jpg,[],0,0,0,0,0,0,0,2021-02-01 21:50:19.576725
Congress might do something for once,https://i.redd.it/3lo7rt55p5e61.jpg,[],0,0,0,0,0,0,0,2021-02-01 21:50:19.576725
"AMERICANS CAN'T BUY GME, BB?!?! HELP IS ON THE WAY!! CANADIANS!! WE HAVE NO SUCH RESTRICTIONS!! BUY ALL THE GME AND BB YOU CAN!!!",https://www.reddit.com/r/wallstreetbets/comments/l6y25u/americans_cant_buy_gme_bb_help_is_on_the_way/,[],0,0,0,0,0,0,0,2021-02-01 21:50:19.576725
"Not sure if anyone posted this here, but yikes",https://i.redd.it/76bcnhs2k5e61.jpg,[],0,0,0,0,0,0,0,2021-02-01 21:50:19.576725
IMPORTANT!! THERE ARE NO SELLERS!!! DO NOT PANIC IF YOU SEE PRICE DROP HOLD THE LINE! UPVOTE SO PEOPLE DON‚ÄôT PANIC.,https://i.redd.it/j6g1paf4h3e61.jpg,[],0,0,0,0,0,0,0,2021-02-01 21:50:19.576725
Our favourite analyst. üöÄüöÄüôåüíéüåï,https://i.redd.it/djm50uj2xie61.jpg,[],0,0,0,0,0,0,0,2021-02-01 21:50:19.576725
Doing my part,https://i.redd.it/af2t6dp725e61.png,[],0,0,0,0,0,0,0,2021-02-01 21:50:19.576725
Forever never dies ü•∞,https://i.redd.it/nn96rnp6yke61.jpg,[],0,0,0,0,0,0,0,2021-02-01 21:50:19.576725
Mic drop,https://i.redd.it/ozzh6wv9d5e61.jpg,[],0,0,0,0,0,0,0,2021-02-01 21:50:19.576725
"WSB PIONEER. FEARLESS BAG HOLDER. BETTER THAN DIAMOND HANDS. RICHER THAN YOUR WIFE‚ÄôS BOYFRIEND‚ÄôS UNCLE. YES, THIS IS NONE OTHER THAN DEEPFUCKINGVALUE HIMSELF.",https://i.redd.it/qdi8ldgrpae61.jpg,[],0,0,0,0,0,0,0,2021-02-01 21:50:19.576725
"WSB, WHAT IS YOUR STRATEGY? üíé‚úãüöÄ",https://v.redd.it/gu8zbgeyf9e61,[],0,0,0,0,0,0,0,2021-02-01 21:50:19.576725
We are all the way up,https://v.redd.it/jj0wn3cfy5e61,[],0,0,0,0,0,0,0,2021-02-01 21:50:19.576725
"An Open Letter to Melvin Capital, CNBC, Boomers, and WSB",https://www.reddit.com/r/wallstreetbets/comments/l6omry/an_open_letter_to_melvin_capital_cnbc_boomers_and/,[],0,0,0,0,0,0,0,2021-02-01 21:50:19.576725
If I can hold at -$10MM then you can hold too. üíéüôå,https://i.redd.it/e2ra46rsk3e61.jpg,[],0,0,0,0,0,0,0,2021-02-01 21:50:19.576725
Robinhood will not let new options or shares be bought apparently. This is market manipulation lol,https://i.redd.it/vboawqu6o2e61.jpg,[],0,0,0,0,0,0,0,2021-02-01 21:50:19.576725
Fake news ü§£,https://i.redd.it/hqyf4qyxhwe61.jpg,[],0,0,0,0,0,0,0,2021-02-01 21:50:19.576725
Like this post if you are holding!!üíé The real squeeze is yet to happenüöÄ,https://www.reddit.com/r/wallstreetbets/comments/l71fl1/like_this_post_if_you_are_holding_the_real/,[],0,0,0,0,0,0,0,2021-02-01 21:50:19.576725
PREACH,https://i.redd.it/5tcc1yym4xd61.jpg,[],0,0,0,0,0,0,0,2021-02-01 21:50:19.576725
First of many lawsuits I hope ü§ûüèª out of this bullshit!!!! #DownWithTheHOOD,https://i.redd.it/082ihpop04e61.jpg,[],0,0,0,0,0,0,0,2021-02-01 21:50:19.576725
"Billboard in Oklahoma City, OK! If someone can rent out a billboard for GME you can hold your shares!!! üíé üñê!!!! (Left watermark for credit)",https://i.redd.it/05ow7o3dqfe61.jpg,['GME'],1,0,0,0,0,0,0,2021-02-01 21:50:19.576725
GME YOLO update ‚Äî Jan 26 2021,https://i.redd.it/cltvfhzmrqd61.png,"['GME', 'YOLO']",1,1,0,0,0,0,0,2021-02-01 21:50:19.576725
Charles Payne gets it!,https://i.redd.it/1uii0mb9k3e61.jpg,[],0,0,0,0,0,0,0,2021-02-01 21:50:19.576725
Honor to Diamond Hands.,https://i.redd.it/xaaphlp7nbe61.png,[],0,0,0,0,0,0,0,2021-02-01 21:50:19.576725
"Cool, but why would they bother telling us?",https://i.redd.it/d59d324psje61.jpg,[],0,0,0,0,0,0,0,2021-02-01 21:50:19.576725
Welcome to the Endgame.,https://v.redd.it/l1pa6yuvdhe61,[],0,0,0,0,0,0,0,2021-02-01 21:50:19.576725
"I can now write my mom a check and put my sister through lymes treatment. This has been a very rough year, but I‚Äôm so thankful for every single one of you.",https://i.redd.it/33k0b2ow1wd61.jpg,[],0,0,0,0,0,0,0,2021-02-01 21:50:19.576725
You know something is about to go down when most members of Congress are United over Wall Street trying to fuck us.,https://i.redd.it/j62vcq6gt4e61.jpg,[],0,0,0,0,0,0,0,2021-02-01 21:50:19.576725
CNN BACK. OFF. This is a LIE. Literally a 5 second scroll of our board would inform this to be untrue. EDUCATE yourselves!!!!!,https://i.redd.it/fj495vh52we61.jpg,"['BACK', 'OFF', 'LIE']",0,0,1,1,1,0,0,2021-02-01 21:50:19.576725
Where do we go from here and who is going to step up to help us?,https://www.reddit.com/r/wallstreetbets/comments/l6j4r9/where_do_we_go_from_here_and_who_is_going_to_step/,[],0,0,0,0,0,0,0,2021-02-01 21:50:19.576725
Oops,https://i.redd.it/0gnr4u6193e61.png,[],0,0,0,0,0,0,0,2021-02-01 21:50:19.576725
DFV,https://i.redd.it/bmq1qruyw9e61.jpg,[],0,0,0,0,0,0,0,2021-02-01 21:50:19.576725
"BREAKING: SEC reviewing recent trading volatility amid GameStop frenzy, vows to protect ‚Äòretail investors‚Äô",https://www.cnbc.com/2021/01/29/sec-reviewing-recent-trading-volatility-amid-gamestop-frenzy-vows-to-protect-retail-investors.html,[],0,0,0,0,0,0,0,2021-02-01 21:50:19.576725
"Huge shoutout to Kevin O'Leary: ""Definition of the market is speculation. If you are short you know run a new risk that these effective social media vigilantes are going to come after you and squeeze you and its good because it will make a lot of hedge funds think for a second time before shorting.""",https://i.redd.it/yfqegtw58de61.png,[],0,0,0,0,0,0,0,2021-02-01 21:50:19.576725
üíéüôå Here is our DeepFuckingValue in WSB style - art by crossdogz üöÄüöÄ,https://i.redd.it/e5g9w4xnioe61.jpg,[],0,0,0,0,0,0,0,2021-02-01 21:50:19.576725
"Good Morning to Everyone Except Robinhood, courtesy of @KasparCMS on Twitter",https://v.redd.it/tzn8jw52fie61,[],0,0,0,0,0,0,0,2021-02-01 21:50:19.576725
Just bought $1MM worth of $GME. My profits from years of trading. Let‚Äôs stick it to the HFs! ü¶ç strong together. üíé üôå,https://i.redd.it/6htn6hnn5we61.jpg,['GME'],1,0,0,0,0,0,0,2021-02-01 21:50:19.576725
RASHIDA IS WITH US,https://i.redd.it/90zbvwzk93e61.png,[],0,0,0,0,0,0,0,2021-02-01 21:50:19.576725
In case you needed proof that there are imposters among us. A bot posting the same negative sentiment comment multiple times per minute üåàüêª,https://www.reddit.com/gallery/lafh4d,[],0,0,0,0,0,0,0,2021-02-01 21:50:19.576725
The Hero we need right now : FUCK ROBINHOOD!,https://i.redd.it/caa8mpqdt2e61.jpg,[],0,0,0,0,0,0,0,2021-02-01 21:50:19.576725
"THIS GUY IS FLYING A BANNER SAYING ""SUCK MY NUTS ROBINHOOD""",https://www.reddit.com/gallery/l8rlyx,[],0,0,0,0,0,0,0,2021-02-01 21:50:19.576725
DO NOT SELL! Robinhood has blocked the buying of more shares. If you try to sell you will get fucked because who are you going to sell it to if nobody can buy it? They are trying to make you flood the market with sales offers and bring the price down. Dont fall for it!,https://www.reddit.com/r/wallstreetbets/comments/l6wsib/do_not_sell_robinhood_has_blocked_the_buying_of/,[],0,0,0,0,0,0,0,2021-02-01 21:50:19.576725
"Don‚Äôt listen to them, this is them trying to take focus away from GME",https://i.redd.it/btz2rpbegue61.jpg,['GME'],1,0,0,0,0,0,0,2021-02-01 21:50:19.576725
"Give them nothing, but take from them everything",https://i.redd.it/ijenw1bmy4e61.jpg,[],0,0,0,0,0,0,0,2021-02-01 21:50:19.576725
"You heard him, HOLD! We can take $11.2 BILLION more away from them. Keep those diamond hands and let's send this thing to Alpha Centauri üöÄüöÄüöÄ",https://i.redd.it/28nwnyd6cbe61.jpg,[],0,0,0,0,0,0,0,2021-02-01 21:50:19.576725
Justin Sun (Asian billionaire) has our back and is joining in.,https://i.redd.it/8olsjgun89e61.jpg,[],0,0,0,0,0,0,0,2021-02-01 21:50:19.576725
CNBC now running Ads promoting that Melvin Capital closed their short positions on $GME,https://i.redd.it/8vxraurkcce61.png,['GME'],1,0,0,0,0,0,0,2021-02-01 21:50:19.576725
Never forget. Last year when this guy soldout the subreddit for personal gain now trying to take credit for your movement for the same reason. #cloutchaser,https://v.redd.it/y987vjwozhe61,[],0,0,0,0,0,0,0,2021-02-01 21:50:19.576725
Some dickhead on CNN said the government should ban people for talking about the stock market on the internet. This ain‚Äôt China bro,https://www.reddit.com/r/wallstreetbets/comments/l6e0kt/some_dickhead_on_cnn_said_the_government_should/,[],0,0,0,0,0,0,0,2021-02-01 21:50:19.576725
"JOSH SHAPIRO, Attorney General of Pennsylvania, is showing his support on Twitter!!!! üöÄüöÄ",https://i.redd.it/3hbf2bqbh5e61.jpg,['JOSH'],0,0,0,0,0,1,0,2021-02-01 21:50:19.576725
Doing my part! Just bought a billboard to run all next week on I-35 between Austin and Dallas!,https://i.redd.it/grhwc24ttge61.png,[],0,0,0,0,0,0,0,2021-02-01 21:50:19.576725
I get it now. I completely understand why nobody is selling for the money.,https://www.reddit.com/r/wallstreetbets/comments/l8pegt/i_get_it_now_i_completely_understand_why_nobody/,[],0,0,0,0,0,0,0,2021-02-01 21:50:19.576725
CNBC Gives Billionaires A Pass But Calls For Regulation When The Little Guy Makes Money,https://i.redd.it/lrxfqnreowd61.png,[],0,0,0,0,0,0,0,2021-02-01 21:50:19.576725
Apparently it‚Äôs only ok when the 1% do it.,https://i.redd.it/nu8a03pg75e61.jpg,[],0,0,0,0,0,0,0,2021-02-01 21:50:19.576725
"HOORAY FOR CHARLES PAYNE! ‚ÄúThe shorts have had their way with the market for decades, and no one has ever complained about it, so i am thrilled, that individual investors are playing the same game, and now you (big hedge funds) are losing‚Äù - Charles Payne.",https://i.redd.it/nhc2rhacl0e61.jpg,[],0,0,0,0,0,0,0,2021-02-01 21:50:19.576725
WSB'S REVENGE - CALLING ALL ü¶çü¶çü¶ç TO KEEP YOUR üçåüçåüçå AWAY FROM THE üêçüêçüêç,https://v.redd.it/3s5ue35dtzd61,[],0,0,0,0,0,0,0,2021-02-01 21:50:19.576725
They act like silver is so fetch,https://i.redd.it/g4yoioifgve61.gif,[],0,0,0,0,0,0,0,2021-02-01 21:50:19.576725
"Congratulations, /r/wallstreetbets! You are Subreddit of the Day!",https://www.reddit.com/r/subredditoftheday/comments/l7swts/january_29th_2021_rwallstreetbets_to_the_moon/,[],0,0,0,0,0,0,0,2021-02-01 21:50:19.576725
"EUROPE BROS LISTEN UP: Today Is The Day. It's A Zero Sum Game Between Us and Melvin. You came out for us yesterday and we need you again today. Here is where you can buy GME. Good Luck, and POWER TO THE PLAYERS üöÄüíéü§≤ üöÄ",https://i.redd.it/6cks9caxu5e61.jpg,['GME'],1,0,0,0,0,0,0,2021-02-01 21:50:19.576725
This is what holding the line looks like! Look at that volume. Diamond-Hands keep it up!,https://i.redd.it/thafw05lrwe61.png,[],0,0,0,0,0,0,0,2021-02-01 21:50:19.576725
This is us 2030,https://i.redd.it/31a76gy74yd61.jpg,[],0,0,0,0,0,0,0,2021-02-01 21:50:19.576725
This is just market manipulation,https://i.redd.it/7idzskf0a4e61.png,[],0,0,0,0,0,0,0,2021-02-01 21:50:19.576725
"CITADEL IS THE 5TH LARGEST OWNER OF SLV, IT'S IMPERATIVE WE DO NOT ""SQUEEZE"" IT. THESE ARE HEDGE FUNDS BOTS SPAMMING AWARDS",https://i.redd.it/iltzmggybpe61.jpg,[],0,0,0,0,0,0,0,2021-02-01 21:50:19.576725
Billionaire Investor Mark Cuban Says Reddit Stock Traders Have ‚ÄòEvery Right To Kick Wall Street‚Äôs Ass‚Äô - All Hail Wise Cuban Man!,https://www.unilad.co.uk/news/billionaire-investor-mark-cuban-says-reddit-stock-traders-have-every-right-to-kick-wall-streets-ass/,[],0,0,0,0,0,0,0,2021-02-01 21:50:19.576725
"Ethan Klein (h3h3 podcast) joins the battle, this is really some Avengers level stuff",https://i.redd.it/l4n7bnp0u8e61.jpg,[],0,0,0,0,0,0,0,2021-02-01 21:50:19.576725
Just bought 2400 shares of GME. Lets go!,https://i.redd.it/47oih6km7be61.jpg,['GME'],1,0,0,0,0,0,0,2021-02-01 21:50:19.576725
Spread the word! üíéü§≤,https://i.redd.it/fk8im2cz9se61.jpg,[],0,0,0,0,0,0,0,2021-02-01 21:50:19.576725
This money is life changing to me. I could have sold at any time and been set but these hedge funds deserve to burn. I‚Äôm holding if you all are.,https://i.redd.it/y1h3rcszobe61.jpg,[],0,0,0,0,0,0,0,2021-02-01 21:50:19.576725
GME YOLO update ‚Äî Jan 22 2021,https://i.redd.it/xho46kzt7yc61.png,"['GME', 'YOLO']",1,1,0,0,0,0,0,2021-02-01 21:50:19.576725
Tis a fine day to like the stock,https://v.redd.it/vya2hpqr26e61,[],0,0,0,0,0,0,0,2021-02-01 21:50:19.576725
First AOC and now Ben Shapiro? This is true unity.,https://i.redd.it/ai10opxxc3e61.jpg,[],0,0,0,0,0,0,0,2021-02-01 21:50:19.576725
"Can you say ""CLASS ACTION LAWSUIT"". Fuck you RobinHood",https://www.reddit.com/r/wallstreetbets/comments/l6wbbj/can_you_say_class_action_lawsuit_fuck_you/,[],0,0,0,0,0,0,0,2021-02-01 21:50:19.576725
Don‚Äôt be scared by the drop in $BB $GME etc. Hedge Funds trade after hours to scare y‚Äôall off... KEEP BUYING AND HOLDING üöÄüöÄ,https://i.redd.it/a0to0qe4n1e61.jpg,['GME'],1,0,0,0,0,0,0,2021-02-01 21:50:19.576725
Vlad got impaled,https://i.redd.it/cml1r5f716e61.jpg,[],0,0,0,0,0,0,0,2021-02-01 21:50:19.576725
"Whistleblowers are coming out, it‚Äôs happening man.",https://i.redd.it/cdhi2aibu4e61.jpg,[],0,0,0,0,0,0,0,2021-02-01 21:50:19.576725
LET THE PEOPLE TRADE!,https://i.redd.it/rqmammg914e61.jpg,[],0,0,0,0,0,0,0,2021-02-01 21:50:19.576725
Robinhood staff unhappy about the trading hault were paid off... With a $40 Doordash credit lmfao.,https://i.redd.it/kd81m6d91be61.jpg,[],0,0,0,0,0,0,0,2021-02-01 21:50:19.576725
WE are Preparing a Class Action LAWSUIT against Robinhood!,https://www.reddit.com/r/wallstreetbets/comments/l6yrs3/we_are_preparing_a_class_action_lawsuit_against/,[],0,0,0,0,0,0,0,2021-02-01 21:50:19.576725
There is no silver short squeeze happening. NONE. NEVER.,https://www.reddit.com/r/wallstreetbets/comments/la1o04/there_is_no_silver_short_squeeze_happening_none/,['NONE'],0,0,0,0,0,0,1,2021-02-01 21:50:19.576725
GME Overnight Pajama Party Megathread,https://www.reddit.com/r/wallstreetbets/comments/l7iorh/gme_overnight_pajama_party_megathread/,['GME'],1,0,0,0,0,0,0,2021-02-01 21:50:19.576725
Citadel reloaded their shorts before they told Robinhood to stop trading $GME,https://twitter.com/justinkan/status/1354853920762253315?s=21,['GME'],1,0,0,0,0,0,0,2021-02-01 21:50:19.576725
Ja Rule: Hold the line!,https://i.redd.it/lzt0x55uc3e61.jpg,[],0,0,0,0,0,0,0,2021-02-01 21:50:19.576725
Times Square right now,https://v.redd.it/x64z70f7eie61,[],0,0,0,0,0,0,0,2021-02-01 21:53:06.359784
UPVOTE so everyone sees we got SUPPORT,https://i.redd.it/sgoqy8nyt2e61.png,[],0,0,0,0,0,0,0,2021-02-01 21:53:06.359784
GME YOLO update ‚Äî Jan 28 2021,https://i.redd.it/opzucppb15e61.png,"['GME', 'YOLO']",1,1,0,0,0,0,0,2021-02-01 21:53:06.359784
GME YOLO month-end update ‚Äî Jan 2021,https://i.redd.it/r557em3t5ce61.png,"['GME', 'YOLO']",1,1,0,0,0,0,0,2021-02-01 21:53:06.359784
"CLASS ACTION AGAINST ROBINHOOD. Allowing people to only sell is the definition of market manipulation. A class action must be started, Robinhood has made plenty of money off selling info about our trades to the hedge funds to be able to pay out a little for causing people to loose money now",https://www.reddit.com/r/wallstreetbets/comments/l6x130/class_action_against_robinhood_allowing_people_to/,[],0,0,0,0,0,0,0,2021-02-01 21:53:06.359784
It‚Äôs treason then,https://i.redd.it/d3t66lv1yce61.jpg,[],0,0,0,0,0,0,0,2021-02-01 21:53:06.359784
"Used some of my GME tendies to buy Nintendo Switches from Gamestop, then donated them to a Children's Hospital. Got featured on the local news and brought glory to WSB.",https://www.nbcdfw.com/news/local/north-texas-investor-uses-gamestop-gains-help-sick-children/2537134/,['GME'],1,0,0,0,0,0,0,2021-02-01 21:53:06.359784
GME YOLO update ‚Äî Jan 27 2021 --------------------------------------- guess i need 102 characters in title now,https://i.redd.it/a309gkm5yxd61.png,"['GME', 'YOLO']",1,1,0,0,0,0,0,2021-02-01 21:53:06.359784
IT'S POWER TO THE TRADERS NOW,https://v.redd.it/lu8aekujd6e61,[],0,0,0,0,0,0,0,2021-02-01 21:53:06.359784
Can we all take a moment and appreciate the Mods who have grinded through this and held our community together. Thank you.,https://www.reddit.com/r/wallstreetbets/comments/l6jobf/can_we_all_take_a_moment_and_appreciate_the_mods/,[],0,0,0,0,0,0,0,2021-02-01 21:53:06.359784
That‚Äôs what I thought,https://i.redd.it/f2yhugwt5de61.jpg,[],0,0,0,0,0,0,0,2021-02-01 21:53:06.359784
I am proud to do my part in paying forward our good fortune with a donation of 6 Nintendo Switches and games to go with them to the Children‚Äôs Minnesota Hospital. Cant Stop. Won‚Äôt Stop. GameStop. (Still long 50 shares I WILL NOT SELL),https://i.redd.it/sgrbt9vthke61.jpg,[],0,0,0,0,0,0,0,2021-02-01 21:53:06.359784
"It runs very deep, my friends.",https://i.redd.it/b8zy92sy85e61.jpg,[],0,0,0,0,0,0,0,2021-02-01 21:53:06.359784
Crazy mannnnnnn. We can't let this slide at all,https://i.redd.it/8bels7zob4e61.jpg,[],0,0,0,0,0,0,0,2021-02-01 21:53:06.359784
Drew this for you my fellow retards üíéüôåüèº,https://i.redd.it/h7sap8vb5qe61.jpg,[],0,0,0,0,0,0,0,2021-02-01 21:53:06.359784
AOC got our backs,https://i.redd.it/3v5c5quc5yd61.png,[],0,0,0,0,0,0,0,2021-02-01 21:53:06.359784
GME YOLO update ‚Äî Feb 1 2021,https://i.redd.it/og8ca1xskxe61.png,"['GME', 'YOLO']",1,1,0,0,0,0,0,2021-02-01 21:53:06.359784
I‚Äôm so proud of you all.,https://i.redd.it/ykiux57d65e61.jpg,[],0,0,0,0,0,0,0,2021-02-01 21:53:06.359784
WE'RE IN THE ENDGAME NOW,https://v.redd.it/ilaw5wowd8e61,[],0,0,0,0,0,0,0,2021-02-01 21:53:06.359784
In honor of finally seeing the almighty u/deepfuckingvalue. We must now do our part in having him written in the history books as the greatest that WallStreetBets has ever seen.,https://i.redd.it/2a8b56my8be61.jpg,[],0,0,0,0,0,0,0,2021-02-01 21:53:06.359784
Congress might do something for once,https://i.redd.it/3lo7rt55p5e61.jpg,[],0,0,0,0,0,0,0,2021-02-01 21:53:06.359784
"AMERICANS CAN'T BUY GME, BB?!?! HELP IS ON THE WAY!! CANADIANS!! WE HAVE NO SUCH RESTRICTIONS!! BUY ALL THE GME AND BB YOU CAN!!!",https://www.reddit.com/r/wallstreetbets/comments/l6y25u/americans_cant_buy_gme_bb_help_is_on_the_way/,[],0,0,0,0,0,0,0,2021-02-01 21:53:06.359784
"Not sure if anyone posted this here, but yikes",https://i.redd.it/76bcnhs2k5e61.jpg,[],0,0,0,0,0,0,0,2021-02-01 21:53:06.359784
IMPORTANT!! THERE ARE NO SELLERS!!! DO NOT PANIC IF YOU SEE PRICE DROP HOLD THE LINE! UPVOTE SO PEOPLE DON‚ÄôT PANIC.,https://i.redd.it/j6g1paf4h3e61.jpg,[],0,0,0,0,0,0,0,2021-02-01 21:53:06.359784
Our favourite analyst. üöÄüöÄüôåüíéüåï,https://i.redd.it/djm50uj2xie61.jpg,[],0,0,0,0,0,0,0,2021-02-01 21:53:06.359784
Doing my part,https://i.redd.it/af2t6dp725e61.png,[],0,0,0,0,0,0,0,2021-02-01 21:53:06.359784
Forever never dies ü•∞,https://i.redd.it/nn96rnp6yke61.jpg,[],0,0,0,0,0,0,0,2021-02-01 21:53:06.359784
Mic drop,https://i.redd.it/ozzh6wv9d5e61.jpg,[],0,0,0,0,0,0,0,2021-02-01 21:53:06.359784
"WSB PIONEER. FEARLESS BAG HOLDER. BETTER THAN DIAMOND HANDS. RICHER THAN YOUR WIFE‚ÄôS BOYFRIEND‚ÄôS UNCLE. YES, THIS IS NONE OTHER THAN DEEPFUCKINGVALUE HIMSELF.",https://i.redd.it/qdi8ldgrpae61.jpg,[],0,0,0,0,0,0,0,2021-02-01 21:53:06.359784
"WSB, WHAT IS YOUR STRATEGY? üíé‚úãüöÄ",https://v.redd.it/gu8zbgeyf9e61,[],0,0,0,0,0,0,0,2021-02-01 21:53:06.359784
We are all the way up,https://v.redd.it/jj0wn3cfy5e61,[],0,0,0,0,0,0,0,2021-02-01 21:53:06.359784
"An Open Letter to Melvin Capital, CNBC, Boomers, and WSB",https://www.reddit.com/r/wallstreetbets/comments/l6omry/an_open_letter_to_melvin_capital_cnbc_boomers_and/,[],0,0,0,0,0,0,0,2021-02-01 21:53:06.359784
If I can hold at -$10MM then you can hold too. üíéüôå,https://i.redd.it/e2ra46rsk3e61.jpg,[],0,0,0,0,0,0,0,2021-02-01 21:53:06.359784
Robinhood will not let new options or shares be bought apparently. This is market manipulation lol,https://i.redd.it/vboawqu6o2e61.jpg,[],0,0,0,0,0,0,0,2021-02-01 21:53:06.359784
Fake news ü§£,https://i.redd.it/hqyf4qyxhwe61.jpg,[],0,0,0,0,0,0,0,2021-02-01 21:53:06.359784
Like this post if you are holding!!üíé The real squeeze is yet to happenüöÄ,https://www.reddit.com/r/wallstreetbets/comments/l71fl1/like_this_post_if_you_are_holding_the_real/,[],0,0,0,0,0,0,0,2021-02-01 21:53:06.359784
PREACH,https://i.redd.it/5tcc1yym4xd61.jpg,[],0,0,0,0,0,0,0,2021-02-01 21:53:06.359784
First of many lawsuits I hope ü§ûüèª out of this bullshit!!!! #DownWithTheHOOD,https://i.redd.it/082ihpop04e61.jpg,[],0,0,0,0,0,0,0,2021-02-01 21:53:06.359784
"Billboard in Oklahoma City, OK! If someone can rent out a billboard for GME you can hold your shares!!! üíé üñê!!!! (Left watermark for credit)",https://i.redd.it/05ow7o3dqfe61.jpg,['GME'],1,0,0,0,0,0,0,2021-02-01 21:53:06.359784
GME YOLO update ‚Äî Jan 26 2021,https://i.redd.it/cltvfhzmrqd61.png,"['GME', 'YOLO']",1,1,0,0,0,0,0,2021-02-01 21:53:06.359784
Charles Payne gets it!,https://i.redd.it/1uii0mb9k3e61.jpg,[],0,0,0,0,0,0,0,2021-02-01 21:53:06.359784
Honor to Diamond Hands.,https://i.redd.it/xaaphlp7nbe61.png,[],0,0,0,0,0,0,0,2021-02-01 21:53:06.359784
"Cool, but why would they bother telling us?",https://i.redd.it/d59d324psje61.jpg,[],0,0,0,0,0,0,0,2021-02-01 21:53:06.359784
Welcome to the Endgame.,https://v.redd.it/l1pa6yuvdhe61,[],0,0,0,0,0,0,0,2021-02-01 21:53:06.359784
"I can now write my mom a check and put my sister through lymes treatment. This has been a very rough year, but I‚Äôm so thankful for every single one of you.",https://i.redd.it/33k0b2ow1wd61.jpg,[],0,0,0,0,0,0,0,2021-02-01 21:53:06.359784
You know something is about to go down when most members of Congress are United over Wall Street trying to fuck us.,https://i.redd.it/j62vcq6gt4e61.jpg,[],0,0,0,0,0,0,0,2021-02-01 21:53:06.359784
CNN BACK. OFF. This is a LIE. Literally a 5 second scroll of our board would inform this to be untrue. EDUCATE yourselves!!!!!,https://i.redd.it/fj495vh52we61.jpg,"['BACK', 'OFF', 'LIE']",0,0,1,1,1,0,0,2021-02-01 21:53:06.359784
Where do we go from here and who is going to step up to help us?,https://www.reddit.com/r/wallstreetbets/comments/l6j4r9/where_do_we_go_from_here_and_who_is_going_to_step/,[],0,0,0,0,0,0,0,2021-02-01 21:53:06.359784
Oops,https://i.redd.it/0gnr4u6193e61.png,[],0,0,0,0,0,0,0,2021-02-01 21:53:06.359784
DFV,https://i.redd.it/bmq1qruyw9e61.jpg,[],0,0,0,0,0,0,0,2021-02-01 21:53:06.359784
"BREAKING: SEC reviewing recent trading volatility amid GameStop frenzy, vows to protect ‚Äòretail investors‚Äô",https://www.cnbc.com/2021/01/29/sec-reviewing-recent-trading-volatility-amid-gamestop-frenzy-vows-to-protect-retail-investors.html,[],0,0,0,0,0,0,0,2021-02-01 21:53:06.359784
"Huge shoutout to Kevin O'Leary: ""Definition of the market is speculation. If you are short you know run a new risk that these effective social media vigilantes are going to come after you and squeeze you and its good because it will make a lot of hedge funds think for a second time before shorting.""",https://i.redd.it/yfqegtw58de61.png,[],0,0,0,0,0,0,0,2021-02-01 21:53:06.359784
üíéüôå Here is our DeepFuckingValue in WSB style - art by crossdogz üöÄüöÄ,https://i.redd.it/e5g9w4xnioe61.jpg,[],0,0,0,0,0,0,0,2021-02-01 21:53:06.359784
"Good Morning to Everyone Except Robinhood, courtesy of @KasparCMS on Twitter",https://v.redd.it/tzn8jw52fie61,[],0,0,0,0,0,0,0,2021-02-01 21:53:06.359784
Just bought $1MM worth of $GME. My profits from years of trading. Let‚Äôs stick it to the HFs! ü¶ç strong together. üíé üôå,https://i.redd.it/6htn6hnn5we61.jpg,['GME'],1,0,0,0,0,0,0,2021-02-01 21:53:06.359784
In case you needed proof that there are imposters among us. A bot posting the same negative sentiment comment multiple times per minute üåàüêª,https://www.reddit.com/gallery/lafh4d,[],0,0,0,0,0,0,0,2021-02-01 21:53:06.359784
RASHIDA IS WITH US,https://i.redd.it/90zbvwzk93e61.png,[],0,0,0,0,0,0,0,2021-02-01 21:53:06.359784
The Hero we need right now : FUCK ROBINHOOD!,https://i.redd.it/caa8mpqdt2e61.jpg,[],0,0,0,0,0,0,0,2021-02-01 21:53:06.359784
"THIS GUY IS FLYING A BANNER SAYING ""SUCK MY NUTS ROBINHOOD""",https://www.reddit.com/gallery/l8rlyx,[],0,0,0,0,0,0,0,2021-02-01 21:53:06.359784
DO NOT SELL! Robinhood has blocked the buying of more shares. If you try to sell you will get fucked because who are you going to sell it to if nobody can buy it? They are trying to make you flood the market with sales offers and bring the price down. Dont fall for it!,https://www.reddit.com/r/wallstreetbets/comments/l6wsib/do_not_sell_robinhood_has_blocked_the_buying_of/,[],0,0,0,0,0,0,0,2021-02-01 21:53:06.359784
"Don‚Äôt listen to them, this is them trying to take focus away from GME",https://i.redd.it/btz2rpbegue61.jpg,['GME'],1,0,0,0,0,0,0,2021-02-01 21:53:06.359784
"Give them nothing, but take from them everything",https://i.redd.it/ijenw1bmy4e61.jpg,[],0,0,0,0,0,0,0,2021-02-01 21:53:06.359784
"You heard him, HOLD! We can take $11.2 BILLION more away from them. Keep those diamond hands and let's send this thing to Alpha Centauri üöÄüöÄüöÄ",https://i.redd.it/28nwnyd6cbe61.jpg,[],0,0,0,0,0,0,0,2021-02-01 21:53:06.359784
Justin Sun (Asian billionaire) has our back and is joining in.,https://i.redd.it/8olsjgun89e61.jpg,[],0,0,0,0,0,0,0,2021-02-01 21:53:06.359784
CNBC now running Ads promoting that Melvin Capital closed their short positions on $GME,https://i.redd.it/8vxraurkcce61.png,['GME'],1,0,0,0,0,0,0,2021-02-01 21:53:06.359784
Never forget. Last year when this guy soldout the subreddit for personal gain now trying to take credit for your movement for the same reason. #cloutchaser,https://v.redd.it/y987vjwozhe61,[],0,0,0,0,0,0,0,2021-02-01 21:53:06.359784
Some dickhead on CNN said the government should ban people for talking about the stock market on the internet. This ain‚Äôt China bro,https://www.reddit.com/r/wallstreetbets/comments/l6e0kt/some_dickhead_on_cnn_said_the_government_should/,[],0,0,0,0,0,0,0,2021-02-01 21:53:06.359784
"JOSH SHAPIRO, Attorney General of Pennsylvania, is showing his support on Twitter!!!! üöÄüöÄ",https://i.redd.it/3hbf2bqbh5e61.jpg,['JOSH'],0,0,0,0,0,1,0,2021-02-01 21:53:06.359784
Doing my part! Just bought a billboard to run all next week on I-35 between Austin and Dallas!,https://i.redd.it/grhwc24ttge61.png,[],0,0,0,0,0,0,0,2021-02-01 21:53:06.359784
I get it now. I completely understand why nobody is selling for the money.,https://www.reddit.com/r/wallstreetbets/comments/l8pegt/i_get_it_now_i_completely_understand_why_nobody/,[],0,0,0,0,0,0,0,2021-02-01 21:53:06.359784
CNBC Gives Billionaires A Pass But Calls For Regulation When The Little Guy Makes Money,https://i.redd.it/lrxfqnreowd61.png,[],0,0,0,0,0,0,0,2021-02-01 21:53:06.359784
Apparently it‚Äôs only ok when the 1% do it.,https://i.redd.it/nu8a03pg75e61.jpg,[],0,0,0,0,0,0,0,2021-02-01 21:53:06.359784
"HOORAY FOR CHARLES PAYNE! ‚ÄúThe shorts have had their way with the market for decades, and no one has ever complained about it, so i am thrilled, that individual investors are playing the same game, and now you (big hedge funds) are losing‚Äù - Charles Payne.",https://i.redd.it/nhc2rhacl0e61.jpg,[],0,0,0,0,0,0,0,2021-02-01 21:53:06.359784
WSB'S REVENGE - CALLING ALL ü¶çü¶çü¶ç TO KEEP YOUR üçåüçåüçå AWAY FROM THE üêçüêçüêç,https://v.redd.it/3s5ue35dtzd61,[],0,0,0,0,0,0,0,2021-02-01 21:53:06.359784
They act like silver is so fetch,https://i.redd.it/g4yoioifgve61.gif,[],0,0,0,0,0,0,0,2021-02-01 21:53:06.359784
"Congratulations, /r/wallstreetbets! You are Subreddit of the Day!",https://www.reddit.com/r/subredditoftheday/comments/l7swts/january_29th_2021_rwallstreetbets_to_the_moon/,[],0,0,0,0,0,0,0,2021-02-01 21:53:06.359784
"EUROPE BROS LISTEN UP: Today Is The Day. It's A Zero Sum Game Between Us and Melvin. You came out for us yesterday and we need you again today. Here is where you can buy GME. Good Luck, and POWER TO THE PLAYERS üöÄüíéü§≤ üöÄ",https://i.redd.it/6cks9caxu5e61.jpg,['GME'],1,0,0,0,0,0,0,2021-02-01 21:53:06.359784
This is what holding the line looks like! Look at that volume. Diamond-Hands keep it up!,https://i.redd.it/thafw05lrwe61.png,[],0,0,0,0,0,0,0,2021-02-01 21:53:06.359784
This is us 2030,https://i.redd.it/31a76gy74yd61.jpg,[],0,0,0,0,0,0,0,2021-02-01 21:53:06.359784
This is just market manipulation,https://i.redd.it/7idzskf0a4e61.png,[],0,0,0,0,0,0,0,2021-02-01 21:53:06.359784
"CITADEL IS THE 5TH LARGEST OWNER OF SLV, IT'S IMPERATIVE WE DO NOT ""SQUEEZE"" IT. THESE ARE HEDGE FUNDS BOTS SPAMMING AWARDS",https://i.redd.it/iltzmggybpe61.jpg,[],0,0,0,0,0,0,0,2021-02-01 21:53:06.359784
Billionaire Investor Mark Cuban Says Reddit Stock Traders Have ‚ÄòEvery Right To Kick Wall Street‚Äôs Ass‚Äô - All Hail Wise Cuban Man!,https://www.unilad.co.uk/news/billionaire-investor-mark-cuban-says-reddit-stock-traders-have-every-right-to-kick-wall-streets-ass/,[],0,0,0,0,0,0,0,2021-02-01 21:53:06.359784
"Ethan Klein (h3h3 podcast) joins the battle, this is really some Avengers level stuff",https://i.redd.it/l4n7bnp0u8e61.jpg,[],0,0,0,0,0,0,0,2021-02-01 21:53:06.359784
Just bought 2400 shares of GME. Lets go!,https://i.redd.it/47oih6km7be61.jpg,['GME'],1,0,0,0,0,0,0,2021-02-01 21:53:06.359784
Spread the word! üíéü§≤,https://i.redd.it/fk8im2cz9se61.jpg,[],0,0,0,0,0,0,0,2021-02-01 21:53:06.359784
This money is life changing to me. I could have sold at any time and been set but these hedge funds deserve to burn. I‚Äôm holding if you all are.,https://i.redd.it/y1h3rcszobe61.jpg,[],0,0,0,0,0,0,0,2021-02-01 21:53:06.359784
GME YOLO update ‚Äî Jan 22 2021,https://i.redd.it/xho46kzt7yc61.png,"['GME', 'YOLO']",1,1,0,0,0,0,0,2021-02-01 21:53:06.359784
Tis a fine day to like the stock,https://v.redd.it/vya2hpqr26e61,[],0,0,0,0,0,0,0,2021-02-01 21:53:06.359784
First AOC and now Ben Shapiro? This is true unity.,https://i.redd.it/ai10opxxc3e61.jpg,[],0,0,0,0,0,0,0,2021-02-01 21:53:06.359784
"Can you say ""CLASS ACTION LAWSUIT"". Fuck you RobinHood",https://www.reddit.com/r/wallstreetbets/comments/l6wbbj/can_you_say_class_action_lawsuit_fuck_you/,[],0,0,0,0,0,0,0,2021-02-01 21:53:06.359784
Don‚Äôt be scared by the drop in $BB $GME etc. Hedge Funds trade after hours to scare y‚Äôall off... KEEP BUYING AND HOLDING üöÄüöÄ,https://i.redd.it/a0to0qe4n1e61.jpg,['GME'],1,0,0,0,0,0,0,2021-02-01 21:53:06.359784
Vlad got impaled,https://i.redd.it/cml1r5f716e61.jpg,[],0,0,0,0,0,0,0,2021-02-01 21:53:06.359784
"Whistleblowers are coming out, it‚Äôs happening man.",https://i.redd.it/cdhi2aibu4e61.jpg,[],0,0,0,0,0,0,0,2021-02-01 21:53:06.359784
LET THE PEOPLE TRADE!,https://i.redd.it/rqmammg914e61.jpg,[],0,0,0,0,0,0,0,2021-02-01 21:53:06.359784
Robinhood staff unhappy about the trading hault were paid off... With a $40 Doordash credit lmfao.,https://i.redd.it/kd81m6d91be61.jpg,[],0,0,0,0,0,0,0,2021-02-01 21:53:06.359784
WE are Preparing a Class Action LAWSUIT against Robinhood!,https://www.reddit.com/r/wallstreetbets/comments/l6yrs3/we_are_preparing_a_class_action_lawsuit_against/,[],0,0,0,0,0,0,0,2021-02-01 21:53:06.359784
There is no silver short squeeze happening. NONE. NEVER.,https://www.reddit.com/r/wallstreetbets/comments/la1o04/there_is_no_silver_short_squeeze_happening_none/,['NONE'],0,0,0,0,0,0,1,2021-02-01 21:53:06.359784
GME Overnight Pajama Party Megathread,https://www.reddit.com/r/wallstreetbets/comments/l7iorh/gme_overnight_pajama_party_megathread/,['GME'],1,0,0,0,0,0,0,2021-02-01 21:53:06.359784
Citadel reloaded their shorts before they told Robinhood to stop trading $GME,https://twitter.com/justinkan/status/1354853920762253315?s=21,['GME'],1,0,0,0,0,0,0,2021-02-01 21:53:06.359784
Ja Rule: Hold the line!,https://i.redd.it/lzt0x55uc3e61.jpg,[],0,0,0,0,0,0,0,2021-02-01 21:53:06.359784
