title,url,tics,GME,ARE,CEO,U.S.,YOLO,AMC,BACK,YOU,BUY,DIP,ALL,FUND,FAIR,WALL,PLAN,BIG,DIPS,MAKE,NEXT,SOLD,OFF,LIE,MARS,CMF,GME-,N'T,LIES,Datetime,LOOK,THAT,TINY
"What Are Your Moves Tomorrow, February 02, 2021",https://www.reddit.com/r/wallstreetbets/comments/ladzdt/what_are_your_moves_tomorrow_february_02_2021/,[],0,0,0,0,0,0,0,0,0,0,0,0,0,0,0,0,0,0,0,0,0,0,0,0,0,0,0,2021-02-01 21:50:11.422697,,,
"GME Discussion Thread for February 1, 2021 - Part 4, Shrek Forever After Hours",https://www.reddit.com/r/wallstreetbets/comments/lal105/gme_discussion_thread_for_february_1_2021_part_4/,['GME'],1,0,0,0,0,0,0,0,0,0,0,0,0,0,0,0,0,0,0,0,0,0,0,0,0,0,0,2021-02-01 21:50:11.422697,,,
Buy the dip retards ğŸš€ ğŸŒ,https://i.redd.it/8hsjlt6s9ye61.gif,[],0,0,0,0,0,0,0,0,0,0,0,0,0,0,0,0,0,0,0,0,0,0,0,0,0,0,0,2021-02-01 21:50:11.422697,,,
I feel like clarification is needed about Today,https://www.reddit.com/r/wallstreetbets/comments/laikd0/i_feel_like_clarification_is_needed_about_today/,[],0,0,0,0,0,0,0,0,0,0,0,0,0,0,0,0,0,0,0,0,0,0,0,0,0,0,0,2021-02-01 21:50:11.422697,,,
Millions in GME calls bought today at ~$800. HOLD!,https://i.redd.it/03gg42wk1ye61.jpg,['GME'],1,0,0,0,0,0,0,0,0,0,0,0,0,0,0,0,0,0,0,0,0,0,0,0,0,0,0,2021-02-01 21:50:11.422697,,,
In case you needed proof that there are imposters among us. A bot posting the same negative sentiment comment multiple times per minute ğŸŒˆğŸ»,https://www.reddit.com/gallery/lafh4d,[],0,0,0,0,0,0,0,0,0,0,0,0,0,0,0,0,0,0,0,0,0,0,0,0,0,0,0,2021-02-01 21:50:11.422697,,,
15 U.S.C.A. Â§ 78i - the Illegality of Short Ladder Attacks (Legal insight),https://www.reddit.com/r/wallstreetbets/comments/laferl/15_usca_78i_the_illegality_of_short_ladder/,[],0,0,0,0,0,0,0,0,0,0,0,0,0,0,0,0,0,0,0,0,0,0,0,0,0,0,0,2021-02-01 21:50:11.422697,,,
It needs to be said louder and more often. WE ARE KILLING IT.,https://www.reddit.com/r/wallstreetbets/comments/lags8u/it_needs_to_be_said_louder_and_more_often_we_are/,['ARE'],0,1,0,0,0,0,0,0,0,0,0,0,0,0,0,0,0,0,0,0,0,0,0,0,0,0,0,2021-02-01 21:50:11.422697,,,
"Look ma, Iâ€™m famous! WSJ called me out for no reason in an article defending Robinhood. I donâ€™t even margin trade! ğŸ˜‚ Boomer Wall St is scared and clueless ğŸ¤¡",https://i.redd.it/jge0q26ymxe61.jpg,[],0,0,0,0,0,0,0,0,0,0,0,0,0,0,0,0,0,0,0,0,0,0,0,0,0,0,0,2021-02-01 21:50:11.422697,,,
Please stop promoting Belfort,https://www.reddit.com/r/wallstreetbets/comments/lai796/please_stop_promoting_belfort/,[],0,0,0,0,0,0,0,0,0,0,0,0,0,0,0,0,0,0,0,0,0,0,0,0,0,0,0,2021-02-01 21:50:11.422697,,,
Robinhood CEO expected to testify before U.S. House committee on February 18,https://www.reuters.com/article/us-retail-investing-robinhood-congress/robinhood-ceo-expected-to-testify-before-u-s-house-committee-on-february-18-politico-idUSKBN2A13O2,"['CEO', 'U.S.']",0,0,1,1,0,0,0,0,0,0,0,0,0,0,0,0,0,0,0,0,0,0,0,0,0,0,0,2021-02-01 21:50:11.422697,,,
GME YOLO update â€” Feb 1 2021,https://i.redd.it/og8ca1xskxe61.png,"['GME', 'YOLO']",1,0,0,0,1,0,0,0,0,0,0,0,0,0,0,0,0,0,0,0,0,0,0,0,0,0,0,2021-02-01 21:50:11.422697,,,
My losses today donâ€™t compare to these losses. I require a sacrifice from u/LifeLiterature0987,https://i.redd.it/c9cqmtez0ye61.jpg,[],0,0,0,0,0,0,0,0,0,0,0,0,0,0,0,0,0,0,0,0,0,0,0,0,0,0,0,2021-02-01 21:50:11.422697,,,
Johnny Sins is with us!!! ğŸš€ğŸš€ğŸš€,https://i.redd.it/ty6tc1sxnxe61.png,[],0,0,0,0,0,0,0,0,0,0,0,0,0,0,0,0,0,0,0,0,0,0,0,0,0,0,0,2021-02-01 21:50:11.422697,,,
ğŸ’ğŸ™ŒğŸ» You heard the Wolf!,https://i.redd.it/u0hcv50mtxe61.jpg,[],0,0,0,0,0,0,0,0,0,0,0,0,0,0,0,0,0,0,0,0,0,0,0,0,0,0,0,2021-02-01 21:50:11.422697,,,
"Been an AMC employee for 5+ years, so thanks for bailing us out and saving my job. Also, ""I'm not fucking leaving""ğŸ’ğŸ‘",https://i.redd.it/g7eeiqkzkxe61.png,['AMC'],0,0,0,0,0,1,0,0,0,0,0,0,0,0,0,0,0,0,0,0,0,0,0,0,0,0,0,2021-02-01 21:50:11.422697,,,
Today wasnâ€™t a bloodbath for $GME or $AMC. WE watched LITERAL insanity as Hedgies sat and traded their trash BACK and forth to each other in order to cause YOU to panic. HOLD. BUY.,https://www.reddit.com/r/wallstreetbets/comments/lajk83/today_wasnt_a_bloodbath_for_gme_or_amc_we_watched/,"['GME', 'AMC', 'BACK', 'YOU', 'BUY']",1,0,0,0,0,1,1,1,1,0,0,0,0,0,0,0,0,0,0,0,0,0,0,0,0,0,0,2021-02-01 21:50:11.422697,,,
Explaining to a friend why they should YOLO on GME like...,https://v.redd.it/r1m6i74d2ye61,"['YOLO', 'GME']",1,0,0,0,1,0,0,0,0,0,0,0,0,0,0,0,0,0,0,0,0,0,0,0,0,0,0,2021-02-01 21:50:11.422697,,,
"IF I CAN HOLD AND DFV CAN HOLD, SO CAN ALL YOU RETARDS. WE NEED MORE HYPE IN THIS BITCH LIKE LAST WEEK.ğŸ’ğŸ™ŒğŸ’ğŸ™ŒğŸ’ğŸ™ŒğŸš€ğŸš€ğŸš€ğŸš€ğŸš€ğŸš€",https://i.redd.it/6e8d9263ixe61.jpg,[],0,0,0,0,0,0,0,0,0,0,0,0,0,0,0,0,0,0,0,0,0,0,0,0,0,0,0,2021-02-01 21:50:11.422697,,,
ETORO STEALS GME FROM THEIR USERS! PROOF HERE,https://i.redd.it/39e1khoddxe61.jpg,[],0,0,0,0,0,0,0,0,0,0,0,0,0,0,0,0,0,0,0,0,0,0,0,0,0,0,0,2021-02-01 21:50:11.422697,,,
Finally A News Article Has the Right Info,https://i.redd.it/dre25ym7axe61.jpg,[],0,0,0,0,0,0,0,0,0,0,0,0,0,0,0,0,0,0,0,0,0,0,0,0,0,0,0,2021-02-01 21:50:11.422697,,,
"There's a difference between joining wsb and becoming a member. Today, many of you became members",https://www.reddit.com/r/wallstreetbets/comments/laefvm/theres_a_difference_between_joining_wsb_and/,[],0,0,0,0,0,0,0,0,0,0,0,0,0,0,0,0,0,0,0,0,0,0,0,0,0,0,0,2021-02-01 21:50:11.422697,,,
500k loss today. STILL HOLDING.,https://i.redd.it/yvtquab6gxe61.png,[],0,0,0,0,0,0,0,0,0,0,0,0,0,0,0,0,0,0,0,0,0,0,0,0,0,0,0,2021-02-01 21:50:11.422697,,,
WE'RE NOT FUCKING LEAVING,https://v.redd.it/6q3012if0ye61,[],0,0,0,0,0,0,0,0,0,0,0,0,0,0,0,0,0,0,0,0,0,0,0,0,0,0,0,2021-02-01 21:50:11.422697,,,
Baltimore is not Selling. Diamonds are forever.,https://i.redd.it/ot0cm0gy8ye61.jpg,[],0,0,0,0,0,0,0,0,0,0,0,0,0,0,0,0,0,0,0,0,0,0,0,0,0,0,0,2021-02-01 21:50:11.422697,,,
Volume is low. Donâ€™t believe the news. No one is selling. $GME is going to the moon. Hold on.,https://i.redd.it/q3xpvdnn4xe61.jpg,['GME'],1,0,0,0,0,0,0,0,0,0,0,0,0,0,0,0,0,0,0,0,0,0,0,0,0,0,0,2021-02-01 21:50:11.422697,,,
Why $GME short interest appears to have fallen when in reality it has not.,https://www.reddit.com/r/wallstreetbets/comments/lag1d3/why_gme_short_interest_appears_to_have_fallen/,['GME'],1,0,0,0,0,0,0,0,0,0,0,0,0,0,0,0,0,0,0,0,0,0,0,0,0,0,0,2021-02-01 21:50:11.422697,,,
This is so satisfying to look at,https://i.redd.it/id4b2uqq3xe61.jpg,[],0,0,0,0,0,0,0,0,0,0,0,0,0,0,0,0,0,0,0,0,0,0,0,0,0,0,0,2021-02-01 21:50:11.422697,,,
Bloomberg and other media is trying to tell us that itâ€™s over and short interest for $GME has dropped all the way from 120% to 39%. âš ï¸This is false.âš ï¸ That massive amount of short closing would show as a MASSIVE increase in volumeğŸ“ˆ and MASSIVE increase in stock priceğŸ“ˆ BUY THE FUCKING DIPğŸš€ğŸš€,https://www.forexlive.com/news/!/short-interest-in-gamestop-gme-plummeted-to-39-from-114-in-mid-january-20210201,"['GME', 'BUY', 'DIP']",1,0,0,0,0,0,0,0,1,1,0,0,0,0,0,0,0,0,0,0,0,0,0,0,0,0,0,2021-02-01 21:50:11.422697,,,
Billionaire Investor Mark Cuban Says Reddit Stock Traders Have â€˜Every Right To Kick Wall Streetâ€™s Assâ€™ - All Hail Wise Cuban Man!,https://www.unilad.co.uk/news/billionaire-investor-mark-cuban-says-reddit-stock-traders-have-every-right-to-kick-wall-streets-ass/,[],0,0,0,0,0,0,0,0,0,0,0,0,0,0,0,0,0,0,0,0,0,0,0,0,0,0,0,2021-02-01 21:50:11.422697,,,
"To those that recently joined WSB, this GME event may take a while.",https://www.reddit.com/r/wallstreetbets/comments/lacovo/to_those_that_recently_joined_wsb_this_gme_event/,['GME'],1,0,0,0,0,0,0,0,0,0,0,0,0,0,0,0,0,0,0,0,0,0,0,0,0,0,0,2021-02-01 21:50:11.422697,,,
"digital billboard in johnson city, TN. retards are EVERYWHERE",https://i.redd.it/12ch27p7ywe61.jpg,[],0,0,0,0,0,0,0,0,0,0,0,0,0,0,0,0,0,0,0,0,0,0,0,0,0,0,0,2021-02-01 21:50:11.422697,,,
"RETARDED CANADIAN GIRLğŸ’ğŸ™ŒğŸš€YOLOing ALL MY $TRIPPER FUND$ @323, GME",https://i.redd.it/knj1jysv5xe61.jpg,"['ALL', 'FUND', 'GME']",1,0,0,0,0,0,0,0,0,0,1,1,0,0,0,0,0,0,0,0,0,0,0,0,0,0,0,2021-02-01 21:50:11.422697,,,
"If Melvin has partially covered, I believe they are tapped out.",https://www.reddit.com/r/wallstreetbets/comments/lagjpd/if_melvin_has_partially_covered_i_believe_they/,[],0,0,0,0,0,0,0,0,0,0,0,0,0,0,0,0,0,0,0,0,0,0,0,0,0,0,0,2021-02-01 21:50:11.422697,,,
"Note down every single person and News channel promoting silver using our name, and now you have a list of news channels and people not only manipulating, but they are insiders who you definitely canâ€™t trust ever again. Their loss tbh.",https://mobile.twitter.com/CNBCPro/status/1356259933134721031,[],0,0,0,0,0,0,0,0,0,0,0,0,0,0,0,0,0,0,0,0,0,0,0,0,0,0,0,2021-02-01 21:50:11.422697,,,
"WHY YOU DEFINITELY SHOULD NOT UNDER ANY CIRCUMSTANCE FALL FOR ALL THE SILVER SCAMS!!! CAREFUL, YOU ARE BEING PLAYED BY THE MOST POWERFUL ELITE ON THE PLANET!!!",https://www.reddit.com/r/wallstreetbets/comments/laccqy/why_you_definitely_should_not_under_any/,[],0,0,0,0,0,0,0,0,0,0,0,0,0,0,0,0,0,0,0,0,0,0,0,0,0,0,0,2021-02-01 21:50:11.422697,,,
This is what holding the line looks like! Look at that volume. Diamond-Hands keep it up!,https://i.redd.it/thafw05lrwe61.png,[],0,0,0,0,0,0,0,0,0,0,0,0,0,0,0,0,0,0,0,0,0,0,0,0,0,0,0,2021-02-01 21:50:11.422697,,,
GameStop/Ryan Cohen have not used their offering yet ğŸš€ğŸš€ğŸš€,https://www.reddit.com/r/wallstreetbets/comments/laf0lf/gamestopryan_cohen_have_not_used_their_offering/,[],0,0,0,0,0,0,0,0,0,0,0,0,0,0,0,0,0,0,0,0,0,0,0,0,0,0,0,2021-02-01 21:50:11.422697,,,
Roadmap of GME - We are almost there.,https://i.redd.it/yv33gx38cye61.png,['GME'],1,0,0,0,0,0,0,0,0,0,0,0,0,0,0,0,0,0,0,0,0,0,0,0,0,0,0,2021-02-01 21:50:11.422697,,,
These Ads Will Show Up For Hedge funds And Investors today On Facebook/Instagram with a link to WSB.,https://www.reddit.com/gallery/lacwfq,[],0,0,0,0,0,0,0,0,0,0,0,0,0,0,0,0,0,0,0,0,0,0,0,0,0,0,0,2021-02-01 21:50:11.422697,,,
I panicked and sold,https://www.reddit.com/r/wallstreetbets/comments/lacdwx/i_panicked_and_sold/,[],0,0,0,0,0,0,0,0,0,0,0,0,0,0,0,0,0,0,0,0,0,0,0,0,0,0,0,2021-02-01 21:50:11.422697,,,
"GME Discussion Thread for February 1, 2021 - Part 3, Avengers: Infinity Squeeze War",https://www.reddit.com/r/wallstreetbets/comments/lab86a/gme_discussion_thread_for_february_1_2021_part_3/,['GME'],1,0,0,0,0,0,0,0,0,0,0,0,0,0,0,0,0,0,0,0,0,0,0,0,0,0,0,2021-02-01 21:50:11.422697,,,
Billboard Outside of Baltimore,https://i.redd.it/6j1er7xeqwe61.jpg,[],0,0,0,0,0,0,0,0,0,0,0,0,0,0,0,0,0,0,0,0,0,0,0,0,0,0,0,2021-02-01 21:50:11.422697,,,
Fake news ğŸ¤£,https://i.redd.it/hqyf4qyxhwe61.jpg,[],0,0,0,0,0,0,0,0,0,0,0,0,0,0,0,0,0,0,0,0,0,0,0,0,0,0,0,2021-02-01 21:50:11.422697,,,
The universe left me a sign as I was walking back to my car. ğŸ’ğŸ™ŒğŸ¼ğŸš€,https://i.redd.it/wuzg0lznpye61.jpg,[],0,0,0,0,0,0,0,0,0,0,0,0,0,0,0,0,0,0,0,0,0,0,0,0,0,0,0,2021-02-01 21:50:11.422697,,,
"THE ONLY GME NEWS WE NEED, HOLD.",https://i.redd.it/tmlljppskye61.jpg,[],0,0,0,0,0,0,0,0,0,0,0,0,0,0,0,0,0,0,0,0,0,0,0,0,0,0,0,2021-02-01 21:50:11.422697,,,
"At these levels, it's NOT about the price of the stock. It is the number of shares in the hedge funds' possession. That's why they want you to sell.",https://www.reddit.com/r/wallstreetbets/comments/la8ox3/at_these_levels_its_not_about_the_price_of_the/,[],0,0,0,0,0,0,0,0,0,0,0,0,0,0,0,0,0,0,0,0,0,0,0,0,0,0,0,2021-02-01 21:50:11.422697,,,
WE LIKE THIS STOCK (UT),https://i.redd.it/lu9581kb7ye61.jpg,[],0,0,0,0,0,0,0,0,0,0,0,0,0,0,0,0,0,0,0,0,0,0,0,0,0,0,0,2021-02-01 21:50:11.422697,,,
"Bloomberg now insisting GME is ""old news."" HA! Pathetic last ditch effort. We got em by the balls now, HOLD ğŸš€",https://i.redd.it/854xif2xjwe61.jpg,['GME'],1,0,0,0,0,0,0,0,0,0,0,0,0,0,0,0,0,0,0,0,0,0,0,0,0,0,0,2021-02-01 21:50:11.422697,,,
"My AMC Billboard is up in Kalamazoo, MI! ğŸ’âœŠğŸ» ğŸš€ğŸš€ğŸš€",https://i.redd.it/ghahrojtlwe61.jpg,['AMC'],0,0,0,0,0,1,0,0,0,0,0,0,0,0,0,0,0,0,0,0,0,0,0,0,0,0,0,2021-02-01 21:50:11.422697,,,
"@SEC just a heads up to maybe do your fucking job. Look at Fidelity buy/sell ratio today, RH volume (even worse AH) and they want us to believe the price actually dropped by 100%. Put them in jail and give us our FAIR share of tendies already.",https://www.reddit.com/gallery/laiemw,['FAIR'],0,0,0,0,0,0,0,0,0,0,0,0,1,0,0,0,0,0,0,0,0,0,0,0,0,0,0,2021-02-01 21:50:11.422697,,,
"""As of January 29th GME stock is still the most heavily shorted stock in the market, with a short interest of 121.07%""",https://www.nasdaq.com/articles/are-these-the-best-heavily-shorted-stocks-to-buy-right-now-5-names-to-watch-2021-01-31?amp,['GME'],1,0,0,0,0,0,0,0,0,0,0,0,0,0,0,0,0,0,0,0,0,0,0,0,0,0,0,2021-02-01 21:50:11.422697,,,
Coming to an AMC near you,https://i.redd.it/s1zahh0ktwe61.jpg,['AMC'],0,0,0,0,0,1,0,0,0,0,0,0,0,0,0,0,0,0,0,0,0,0,0,0,0,0,0,2021-02-01 21:50:11.422697,,,
Pee-Wee Herman is Not Selling! GME ğŸš€ğŸš€ğŸš€,https://i.redd.it/i21u7pepgye61.png,['GME'],1,0,0,0,0,0,0,0,0,0,0,0,0,0,0,0,0,0,0,0,0,0,0,0,0,0,0,2021-02-01 21:50:11.422697,,,
These tactics are as see through as my hands,https://v.redd.it/qlnhbmw29we61,[],0,0,0,0,0,0,0,0,0,0,0,0,0,0,0,0,0,0,0,0,0,0,0,0,0,0,0,2021-02-01 21:50:11.422697,,,
"I bought at 320. I donâ€™t care. Posting fake silver news was the last straw. I will hold, and we will all bleed together.",https://i.redd.it/dlj9z5x4lwe61.jpg,[],0,0,0,0,0,0,0,0,0,0,0,0,0,0,0,0,0,0,0,0,0,0,0,0,0,0,0,2021-02-01 21:50:11.422697,,,
"Volume has not increased enough to cover shorts. Trends are following very closely to Thursday. We're still go for a moon mission, boys. ğŸš€",https://i.redd.it/7aeou4fgmxe61.png,[],0,0,0,0,0,0,0,0,0,0,0,0,0,0,0,0,0,0,0,0,0,0,0,0,0,0,0,2021-02-01 21:50:11.422697,,,
Just bought $1MM worth of $GME. My profits from years of trading. Letâ€™s stick it to the HFs! ğŸ¦ strong together. ğŸ’ ğŸ™Œ,https://i.redd.it/6htn6hnn5we61.jpg,['GME'],1,0,0,0,0,0,0,0,0,0,0,0,0,0,0,0,0,0,0,0,0,0,0,0,0,0,0,2021-02-01 21:50:11.422697,,,
Just holding on my AMCğŸ“ˆğŸ’,https://i.redd.it/i5ra0flpbwe61.jpg,['AMC'],0,0,0,0,0,1,0,0,0,0,0,0,0,0,0,0,0,0,0,0,0,0,0,0,0,0,0,2021-02-01 21:50:11.422697,,,
"We, at Fidelity, are buying.",https://i.redd.it/zp6m4v4ttwe61.png,[],0,0,0,0,0,0,0,0,0,0,0,0,0,0,0,0,0,0,0,0,0,0,0,0,0,0,0,2021-02-01 21:50:11.422697,,,
"Why we're still winning, and why we're still going to the moon. [REASSURANCE DD]",https://www.reddit.com/r/wallstreetbets/comments/lak773/why_were_still_winning_and_why_were_still_going/,[],0,0,0,0,0,0,0,0,0,0,0,0,0,0,0,0,0,0,0,0,0,0,0,0,0,0,0,2021-02-01 21:50:11.422697,,,
"WALL STREET PLAN - Trying to psychologically scare you with MANIPULATED BIG DIPS and then a SMALL recovery. They want to MAKE YOU DOUBT, that the NEXT BIG DIP, you couldâ€™ve SOLD at Recovery. This has been going on since Thursday for GME & AMC",https://www.reddit.com/r/wallstreetbets/comments/la6vcb/wall_street_plan_trying_to_psychologically_scare/,"['WALL', 'PLAN', 'BIG', 'DIPS', 'MAKE', 'YOU', 'NEXT', 'BIG', 'DIP', 'SOLD', 'GME', 'AMC']",1,0,0,0,0,1,0,1,0,1,0,0,0,1,1,1,1,1,1,1,0,0,0,0,0,0,0,2021-02-01 21:50:11.422697,,,
Is this how I buy silver? ğŸ¦ ğŸš€ ğŸš€,https://i.redd.it/g56nrly14we61.jpg,[],0,0,0,0,0,0,0,0,0,0,0,0,0,0,0,0,0,0,0,0,0,0,0,0,0,0,0,2021-02-01 21:50:11.422697,,,
THEY ARE LYING STRAIGHT TO OUR FACE. DONâ€™T BELIEVE THIS GARBAGE.,https://i.redd.it/ib5bta2r3we61.jpg,[],0,0,0,0,0,0,0,0,0,0,0,0,0,0,0,0,0,0,0,0,0,0,0,0,0,0,0,2021-02-01 21:50:11.422697,,,
Lol they're putting up ads now,https://i.redd.it/5wy18hhlswe61.jpg,[],0,0,0,0,0,0,0,0,0,0,0,0,0,0,0,0,0,0,0,0,0,0,0,0,0,0,0,2021-02-01 21:50:11.422697,,,
From @AlphaRRCapital1 on Twitter. Unable to buy shorts cause there isnâ€™t enough shares available. Hold tight boys ğŸš€,https://i.redd.it/p8c59bsspwe61.jpg,[],0,0,0,0,0,0,0,0,0,0,0,0,0,0,0,0,0,0,0,0,0,0,0,0,0,0,0,2021-02-01 21:50:11.422697,,,
CNN BACK. OFF. This is a LIE. Literally a 5 second scroll of our board would inform this to be untrue. EDUCATE yourselves!!!!!,https://i.redd.it/fj495vh52we61.jpg,"['BACK', 'OFF', 'LIE']",0,0,0,0,0,0,1,0,0,0,0,0,0,0,0,0,0,0,0,0,1,1,0,0,0,0,0,2021-02-01 21:50:11.422697,,,
"Unemployed with $80,000 in student loans and I am HOLDING! These hedge fund losers can pay for my degrees! DIAMOND HANDS!!! $GME $BB $AMC",https://i.redd.it/vdhp4qb1hxe61.png,"['GME', 'AMC']",1,0,0,0,0,1,0,0,0,0,0,0,0,0,0,0,0,0,0,0,0,0,0,0,0,0,0,2021-02-01 21:50:11.422697,,,
"Success does not happen overnight - to those of you who hopped in with lambos in your eyes and dreams of 1000% gains overnight, I'm sorry to disappoint you, this fight is likely to go on for weeks.",https://www.reddit.com/r/wallstreetbets/comments/la9yi6/success_does_not_happen_overnight_to_those_of_you/,[],0,0,0,0,0,0,0,0,0,0,0,0,0,0,0,0,0,0,0,0,0,0,0,0,0,0,0,2021-02-01 21:50:11.422697,,,
NO MORE SHARES TO SHORT ğŸ’ğŸ¤²ğŸ“ˆâ€¼ï¸â€¼ï¸â€¼ï¸ğŸš€ğŸ§¨,https://twitter.com/alpharrcapital1/status/1356277059945955330?s=21,[],0,0,0,0,0,0,0,0,0,0,0,0,0,0,0,0,0,0,0,0,0,0,0,0,0,0,0,2021-02-01 21:50:11.422697,,,
DON'T PANIC AND JUST LOOK AT THE FUCKING VOLUME,https://www.reddit.com/r/wallstreetbets/comments/la5upr/dont_panic_and_just_look_at_the_fucking_volume/,[],0,0,0,0,0,0,0,0,0,0,0,0,0,0,0,0,0,0,0,0,0,0,0,0,0,0,0,2021-02-01 21:50:11.422697,,,
GME: MMs have until TOMORROW 2/2 to buy shares!! It can be anytime TODAY or TOMORROW! HOLD STRONG ğŸ’ğŸ‘‹ğŸ’ğŸ‘‹ğŸ’ğŸ‘‹ğŸš€ğŸš€,https://www.reddit.com/r/wallstreetbets/comments/la7bhj/gme_mms_have_until_tomorrow_22_to_buy_shares_it/,['GME'],1,0,0,0,0,0,0,0,0,0,0,0,0,0,0,0,0,0,0,0,0,0,0,0,0,0,0,2021-02-01 21:50:11.422697,,,
We Need the Same Outrage Over Ladder Attacks As We Had Over Robinhood Limiting Purchases ğŸ’ğŸ™ŒğŸ’ğŸš€ğŸš€ğŸš€,https://www.reddit.com/r/wallstreetbets/comments/laic11/we_need_the_same_outrage_over_ladder_attacks_as/,[],0,0,0,0,0,0,0,0,0,0,0,0,0,0,0,0,0,0,0,0,0,0,0,0,0,0,0,2021-02-01 21:50:11.422697,,,
"Down almost $200k, I ainâ€™t sellin. Was down to $200k from 1million last week, didnâ€™t sell then either. ğŸ’ ğŸ™Œ prevail",https://i.redd.it/r40ki7x6xwe61.jpg,[],0,0,0,0,0,0,0,0,0,0,0,0,0,0,0,0,0,0,0,0,0,0,0,0,0,0,0,2021-02-01 21:50:11.422697,,,
GME - TIRED OF FEELING LEFT OUT! BOUGHT THE DIP $100K LIFE SAVINGS ALL IN NOT SELLING UNTIL $5K AT LEAST I LIKE THIS STOCK!!!!ğŸ’ğŸ–ğŸš€ğŸš€ğŸš€ğŸš€ğŸš€ğŸš€ğŸš€ğŸš€ğŸ‘©â€ğŸš€,https://www.reddit.com/gallery/la8ah2,[],0,0,0,0,0,0,0,0,0,0,0,0,0,0,0,0,0,0,0,0,0,0,0,0,0,0,0,2021-02-01 21:50:11.422697,,,
"IF DFV IS HOLDING, I AM HOLDING",https://i.redd.it/088y3wobdwe61.png,[],0,0,0,0,0,0,0,0,0,0,0,0,0,0,0,0,0,0,0,0,0,0,0,0,0,0,0,2021-02-01 21:50:11.422697,,,
Just bought 200 shares of GME from RUSSIA. I'm the same as you retards before MARS SUKABLYAD' poehali ğŸ‘¨â€ğŸš€ğŸš€,https://i.redd.it/jl2mc2xj8we61.png,"['GME', 'MARS']",1,0,0,0,0,0,0,0,0,0,0,0,0,0,0,0,0,0,0,0,0,0,1,0,0,0,0,2021-02-01 21:50:11.422697,,,
Weâ€™ve got Ragnar online too,https://i.redd.it/sk2okhobgxe61.jpg,[],0,0,0,0,0,0,0,0,0,0,0,0,0,0,0,0,0,0,0,0,0,0,0,0,0,0,0,2021-02-01 21:50:11.422697,,,
Jokes on them. Red is my favorite color,https://i.redd.it/gwqn7krkxve61.jpg,[],0,0,0,0,0,0,0,0,0,0,0,0,0,0,0,0,0,0,0,0,0,0,0,0,0,0,0,2021-02-01 21:50:11.422697,,,
GME volume still low with positive CMF which means retards keep holding,https://i.redd.it/ttrgaf9xpve61.png,"['GME', 'CMF']",1,0,0,0,0,0,0,0,0,0,0,0,0,0,0,0,0,0,0,0,0,0,0,1,0,0,0,2021-02-01 21:50:11.422697,,,
"As a marxist pig, I never cared about the stock market. But since I discovered some retards were dry-fucking HFs I decided it was finally time to join the frenzy. Prepared to lose all of this. Hold, you apes. Godspeed from a fellow retard from Switzerland. ğŸš€ğŸ’ğŸ‘‹ğŸ½",https://i.redd.it/8wniqfpflwe61.jpg,[],0,0,0,0,0,0,0,0,0,0,0,0,0,0,0,0,0,0,0,0,0,0,0,0,0,0,0,2021-02-01 21:50:11.422697,,,
Not. Fucking. Selling! GME AMCğŸ’ğŸ™ŒğŸ» Who's with me?,https://i.redd.it/e45h0yi1xve61.jpg,"['GME', 'AMC']",1,0,0,0,0,1,0,0,0,0,0,0,0,0,0,0,0,0,0,0,0,0,0,0,0,0,0,2021-02-01 21:50:11.422697,,,
STOP BUYING SLV YOU SMOOTH BRAINED RETARDS ITS TECHNICALLY INVERSING GME. *I LOST MY CRAYONS SO I HAD TO USE REAL CHARTS*,https://i.redd.it/78kadx1cpve61.jpg,[],0,0,0,0,0,0,0,0,0,0,0,0,0,0,0,0,0,0,0,0,0,0,0,0,0,0,0,2021-02-01 21:50:11.422697,,,
NO VOLUME - APES HOLDING STRONG! GME TO THE MOON! HOLD!,https://i.redd.it/z9q6i91g0xe61.png,[],0,0,0,0,0,0,0,0,0,0,0,0,0,0,0,0,0,0,0,0,0,0,0,0,0,0,0,2021-02-01 21:50:11.422697,,,
"I know everyone is feeling down about the red, but please listen to this example. This is the Prisoner's Dilemma.",https://www.reddit.com/r/wallstreetbets/comments/lagybk/i_know_everyone_is_feeling_down_about_the_red_but/,[],0,0,0,0,0,0,0,0,0,0,0,0,0,0,0,0,0,0,0,0,0,0,0,0,0,0,0,2021-02-01 21:50:11.422697,,,
Hedgies trying to manipulate us on every corner. Stay put,https://i.redd.it/qpg0ny6j0we61.jpg,[],0,0,0,0,0,0,0,0,0,0,0,0,0,0,0,0,0,0,0,0,0,0,0,0,0,0,0,2021-02-01 21:50:11.422697,,,
"PSA: remember, shorts have two days to deliver. This was why there was no squeeze today.",https://www.reddit.com/r/wallstreetbets/comments/lae73m/psa_remember_shorts_have_two_days_to_deliver_this/,[],0,0,0,0,0,0,0,0,0,0,0,0,0,0,0,0,0,0,0,0,0,0,0,0,0,0,0,2021-02-01 21:50:11.422697,,,
"GME Discussion Thread for February 01, 2021 - Part 2, Electric Boogaloo",https://www.reddit.com/r/wallstreetbets/comments/la5s8i/gme_discussion_thread_for_february_01_2021_part_2/,['GME'],1,0,0,0,0,0,0,0,0,0,0,0,0,0,0,0,0,0,0,0,0,0,0,0,0,0,0,2021-02-01 21:50:11.422697,,,
We need to talk. The success of GME has wrecked this sub.,https://www.reddit.com/r/wallstreetbets/comments/ladp70/we_need_to_talk_the_success_of_gme_has_wrecked/,['GME'],1,0,0,0,0,0,0,0,0,0,0,0,0,0,0,0,0,0,0,0,0,0,0,0,0,0,0,2021-02-01 21:50:11.422697,,,
"SpaceX announces their first civilian mission targeted later this year. Seats will be donated to individuals who represent leadership, hope, generosity, and prosperity. We need to ensure DFV gets a seat, as he truly is the embodiment of those qualities!",https://www.cnbc.com/2021/02/01/spacex-to-fly-first-mission-to-space-with-an-all-civilian-crew-later-this-year.html,[],0,0,0,0,0,0,0,0,0,0,0,0,0,0,0,0,0,0,0,0,0,0,0,0,0,0,0,2021-02-01 21:50:11.422697,,,
GME will squeeze and here's the 10 reasons why I think so + rabbit-hole reading,https://www.reddit.com/r/wallstreetbets/comments/ladv7v/gme_will_squeeze_and_heres_the_10_reasons_why_i/,['GME'],1,0,0,0,0,0,0,0,0,0,0,0,0,0,0,0,0,0,0,0,0,0,0,0,0,0,0,2021-02-01 21:50:11.422697,,,
Guess who didnâ€™t buy any silver?Instead bought 100 shares of AMC:) love and support from Mexico,https://i.redd.it/n8c1ilve5we61.jpg,['AMC'],0,0,0,0,0,1,0,0,0,0,0,0,0,0,0,0,0,0,0,0,0,0,0,0,0,0,0,2021-02-01 21:50:11.422697,,,
Just bought 87 shares of GME from Saudi Arabia. I stand with you fellow retards all the way to the moon ğŸš€ğŸš€ğŸš€,https://i.redd.it/zwnlmicofve61.jpg,['GME'],1,0,0,0,0,0,0,0,0,0,0,0,0,0,0,0,0,0,0,0,0,0,0,0,0,0,0,2021-02-01 21:50:11.422697,,,
They act like silver is so fetch,https://i.redd.it/g4yoioifgve61.gif,[],0,0,0,0,0,0,0,0,0,0,0,0,0,0,0,0,0,0,0,0,0,0,0,0,0,0,0,2021-02-01 21:50:11.422697,,,
"Crazy Rich Asian Reporting in... 50k in, currently -20%? not even flinching... HOLD for the ğŸš€ğŸš€ğŸš€",https://i.redd.it/8rcm8rvqyve61.png,[],0,0,0,0,0,0,0,0,0,0,0,0,0,0,0,0,0,0,0,0,0,0,0,0,0,0,0,2021-02-01 21:50:11.422697,,,
Down $10MM and still holding ğŸ’ğŸ™Œ. Bought 750 more shares today.,https://i.redd.it/bqpvuv9itye61.jpg,[],0,0,0,0,0,0,0,0,0,0,0,0,0,0,0,0,0,0,0,0,0,0,0,0,0,0,0,2021-02-01 21:50:11.422697,,,
GME- Down ~1M today. Still holding.,https://i.redd.it/a3gw40gn5xe61.jpg,['GME-'],0,0,0,0,0,0,0,0,0,0,0,0,0,0,0,0,0,0,0,0,0,0,0,0,1,0,0,2021-02-01 21:50:11.422697,,,
We should be compiling links of sources claiming WSB is for silver,https://www.reddit.com/r/wallstreetbets/comments/la3ddb/we_should_be_compiling_links_of_sources_claiming/,[],0,0,0,0,0,0,0,0,0,0,0,0,0,0,0,0,0,0,0,0,0,0,0,0,0,0,0,2021-02-01 21:50:11.422697,,,
Guess where Iâ€™m headed. $GME ğŸ™ŒğŸ’ğŸš€,https://i.redd.it/eqquti7gcwe61.jpg,['GME'],1,0,0,0,0,0,0,0,0,0,0,0,0,0,0,0,0,0,0,0,0,0,0,0,0,0,0,2021-02-01 21:50:11.422697,,,
DON'T BELIEVE THE LIES. They're even vibrating my phone trying to push this nonsense.,https://i.redd.it/wuapmjpvcve61.png,"[""N'T"", 'LIES']",0,0,0,0,0,0,0,0,0,0,0,0,0,0,0,0,0,0,0,0,0,0,0,0,0,1,1,2021-02-01 21:50:11.422697,,,
"What Are Your Moves Tomorrow, February 02, 2021",https://www.reddit.com/r/wallstreetbets/comments/ladzdt/what_are_your_moves_tomorrow_february_02_2021/,[],0,0,0,0,0,0,0,0,0,0,0,0,0,0,0,0,0,0,0,0,0,0,0,0,0,0,0,2021-02-01 21:52:57.473032,0.0,0.0,0.0
"GME Discussion Thread for February 1, 2021 - Part 4, Shrek Forever After Hours",https://www.reddit.com/r/wallstreetbets/comments/lal105/gme_discussion_thread_for_february_1_2021_part_4/,['GME'],1,0,0,0,0,0,0,0,0,0,0,0,0,0,0,0,0,0,0,0,0,0,0,0,0,0,0,2021-02-01 21:52:57.473032,0.0,0.0,0.0
Buy the dip retards ğŸš€ ğŸŒ,https://i.redd.it/8hsjlt6s9ye61.gif,[],0,0,0,0,0,0,0,0,0,0,0,0,0,0,0,0,0,0,0,0,0,0,0,0,0,0,0,2021-02-01 21:52:57.473032,0.0,0.0,0.0
I feel like clarification is needed about Today,https://www.reddit.com/r/wallstreetbets/comments/laikd0/i_feel_like_clarification_is_needed_about_today/,[],0,0,0,0,0,0,0,0,0,0,0,0,0,0,0,0,0,0,0,0,0,0,0,0,0,0,0,2021-02-01 21:52:57.473032,0.0,0.0,0.0
Millions in GME calls bought today at ~$800. HOLD!,https://i.redd.it/03gg42wk1ye61.jpg,['GME'],1,0,0,0,0,0,0,0,0,0,0,0,0,0,0,0,0,0,0,0,0,0,0,0,0,0,0,2021-02-01 21:52:57.473032,0.0,0.0,0.0
In case you needed proof that there are imposters among us. A bot posting the same negative sentiment comment multiple times per minute ğŸŒˆğŸ»,https://www.reddit.com/gallery/lafh4d,[],0,0,0,0,0,0,0,0,0,0,0,0,0,0,0,0,0,0,0,0,0,0,0,0,0,0,0,2021-02-01 21:52:57.473032,0.0,0.0,0.0
15 U.S.C.A. Â§ 78i - the Illegality of Short Ladder Attacks (Legal insight),https://www.reddit.com/r/wallstreetbets/comments/laferl/15_usca_78i_the_illegality_of_short_ladder/,[],0,0,0,0,0,0,0,0,0,0,0,0,0,0,0,0,0,0,0,0,0,0,0,0,0,0,0,2021-02-01 21:52:57.473032,0.0,0.0,0.0
It needs to be said louder and more often. WE ARE KILLING IT.,https://www.reddit.com/r/wallstreetbets/comments/lags8u/it_needs_to_be_said_louder_and_more_often_we_are/,['ARE'],0,1,0,0,0,0,0,0,0,0,0,0,0,0,0,0,0,0,0,0,0,0,0,0,0,0,0,2021-02-01 21:52:57.473032,0.0,0.0,0.0
Please stop promoting Belfort,https://www.reddit.com/r/wallstreetbets/comments/lai796/please_stop_promoting_belfort/,[],0,0,0,0,0,0,0,0,0,0,0,0,0,0,0,0,0,0,0,0,0,0,0,0,0,0,0,2021-02-01 21:52:57.473032,0.0,0.0,0.0
"Look ma, Iâ€™m famous! WSJ called me out for no reason in an article defending Robinhood. I donâ€™t even margin trade! ğŸ˜‚ Boomer Wall St is scared and clueless ğŸ¤¡",https://i.redd.it/jge0q26ymxe61.jpg,[],0,0,0,0,0,0,0,0,0,0,0,0,0,0,0,0,0,0,0,0,0,0,0,0,0,0,0,2021-02-01 21:52:57.473032,0.0,0.0,0.0
Robinhood CEO expected to testify before U.S. House committee on February 18,https://www.reuters.com/article/us-retail-investing-robinhood-congress/robinhood-ceo-expected-to-testify-before-u-s-house-committee-on-february-18-politico-idUSKBN2A13O2,"['CEO', 'U.S.']",0,0,1,1,0,0,0,0,0,0,0,0,0,0,0,0,0,0,0,0,0,0,0,0,0,0,0,2021-02-01 21:52:57.473032,0.0,0.0,0.0
GME YOLO update â€” Feb 1 2021,https://i.redd.it/og8ca1xskxe61.png,"['GME', 'YOLO']",1,0,0,0,1,0,0,0,0,0,0,0,0,0,0,0,0,0,0,0,0,0,0,0,0,0,0,2021-02-01 21:52:57.473032,0.0,0.0,0.0
My losses today donâ€™t compare to these losses. I require a sacrifice from u/LifeLiterature0987,https://i.redd.it/c9cqmtez0ye61.jpg,[],0,0,0,0,0,0,0,0,0,0,0,0,0,0,0,0,0,0,0,0,0,0,0,0,0,0,0,2021-02-01 21:52:57.473032,0.0,0.0,0.0
Johnny Sins is with us!!! ğŸš€ğŸš€ğŸš€,https://i.redd.it/ty6tc1sxnxe61.png,[],0,0,0,0,0,0,0,0,0,0,0,0,0,0,0,0,0,0,0,0,0,0,0,0,0,0,0,2021-02-01 21:52:57.473032,0.0,0.0,0.0
ğŸ’ğŸ™ŒğŸ» You heard the Wolf!,https://i.redd.it/u0hcv50mtxe61.jpg,[],0,0,0,0,0,0,0,0,0,0,0,0,0,0,0,0,0,0,0,0,0,0,0,0,0,0,0,2021-02-01 21:52:57.473032,0.0,0.0,0.0
"Been an AMC employee for 5+ years, so thanks for bailing us out and saving my job. Also, ""I'm not fucking leaving""ğŸ’ğŸ‘",https://i.redd.it/g7eeiqkzkxe61.png,['AMC'],0,0,0,0,0,1,0,0,0,0,0,0,0,0,0,0,0,0,0,0,0,0,0,0,0,0,0,2021-02-01 21:52:57.473032,0.0,0.0,0.0
Today wasnâ€™t a bloodbath for $GME or $AMC. WE watched LITERAL insanity as Hedgies sat and traded their trash BACK and forth to each other in order to cause YOU to panic. HOLD. BUY.,https://www.reddit.com/r/wallstreetbets/comments/lajk83/today_wasnt_a_bloodbath_for_gme_or_amc_we_watched/,"['GME', 'AMC', 'BACK', 'YOU', 'BUY']",1,0,0,0,0,1,1,1,1,0,0,0,0,0,0,0,0,0,0,0,0,0,0,0,0,0,0,2021-02-01 21:52:57.473032,0.0,0.0,0.0
Explaining to a friend why they should YOLO on GME like...,https://v.redd.it/r1m6i74d2ye61,"['YOLO', 'GME']",1,0,0,0,1,0,0,0,0,0,0,0,0,0,0,0,0,0,0,0,0,0,0,0,0,0,0,2021-02-01 21:52:57.473032,0.0,0.0,0.0
"IF I CAN HOLD AND DFV CAN HOLD, SO CAN ALL YOU RETARDS. WE NEED MORE HYPE IN THIS BITCH LIKE LAST WEEK.ğŸ’ğŸ™ŒğŸ’ğŸ™ŒğŸ’ğŸ™ŒğŸš€ğŸš€ğŸš€ğŸš€ğŸš€ğŸš€",https://i.redd.it/6e8d9263ixe61.jpg,[],0,0,0,0,0,0,0,0,0,0,0,0,0,0,0,0,0,0,0,0,0,0,0,0,0,0,0,2021-02-01 21:52:57.473032,0.0,0.0,0.0
ETORO STEALS GME FROM THEIR USERS! PROOF HERE,https://i.redd.it/39e1khoddxe61.jpg,[],0,0,0,0,0,0,0,0,0,0,0,0,0,0,0,0,0,0,0,0,0,0,0,0,0,0,0,2021-02-01 21:52:57.473032,0.0,0.0,0.0
Finally A News Article Has the Right Info,https://i.redd.it/dre25ym7axe61.jpg,[],0,0,0,0,0,0,0,0,0,0,0,0,0,0,0,0,0,0,0,0,0,0,0,0,0,0,0,2021-02-01 21:52:57.473032,0.0,0.0,0.0
"There's a difference between joining wsb and becoming a member. Today, many of you became members",https://www.reddit.com/r/wallstreetbets/comments/laefvm/theres_a_difference_between_joining_wsb_and/,[],0,0,0,0,0,0,0,0,0,0,0,0,0,0,0,0,0,0,0,0,0,0,0,0,0,0,0,2021-02-01 21:52:57.473032,0.0,0.0,0.0
500k loss today. STILL HOLDING.,https://i.redd.it/yvtquab6gxe61.png,[],0,0,0,0,0,0,0,0,0,0,0,0,0,0,0,0,0,0,0,0,0,0,0,0,0,0,0,2021-02-01 21:52:57.473032,0.0,0.0,0.0
Baltimore is not Selling. Diamonds are forever.,https://i.redd.it/ot0cm0gy8ye61.jpg,[],0,0,0,0,0,0,0,0,0,0,0,0,0,0,0,0,0,0,0,0,0,0,0,0,0,0,0,2021-02-01 21:52:57.473032,0.0,0.0,0.0
WE'RE NOT FUCKING LEAVING,https://v.redd.it/6q3012if0ye61,[],0,0,0,0,0,0,0,0,0,0,0,0,0,0,0,0,0,0,0,0,0,0,0,0,0,0,0,2021-02-01 21:52:57.473032,0.0,0.0,0.0
Volume is low. Donâ€™t believe the news. No one is selling. $GME is going to the moon. Hold on.,https://i.redd.it/q3xpvdnn4xe61.jpg,['GME'],1,0,0,0,0,0,0,0,0,0,0,0,0,0,0,0,0,0,0,0,0,0,0,0,0,0,0,2021-02-01 21:52:57.473032,0.0,0.0,0.0
Why $GME short interest appears to have fallen when in reality it has not.,https://www.reddit.com/r/wallstreetbets/comments/lag1d3/why_gme_short_interest_appears_to_have_fallen/,['GME'],1,0,0,0,0,0,0,0,0,0,0,0,0,0,0,0,0,0,0,0,0,0,0,0,0,0,0,2021-02-01 21:52:57.473032,0.0,0.0,0.0
Bloomberg and other media is trying to tell us that itâ€™s over and short interest for $GME has dropped all the way from 120% to 39%. âš ï¸This is false.âš ï¸ That massive amount of short closing would show as a MASSIVE increase in volumeğŸ“ˆ and MASSIVE increase in stock priceğŸ“ˆ BUY THE FUCKING DIPğŸš€ğŸš€,https://www.forexlive.com/news/!/short-interest-in-gamestop-gme-plummeted-to-39-from-114-in-mid-january-20210201,"['GME', 'BUY', 'DIP']",1,0,0,0,0,0,0,0,1,1,0,0,0,0,0,0,0,0,0,0,0,0,0,0,0,0,0,2021-02-01 21:52:57.473032,0.0,0.0,0.0
This is so satisfying to look at,https://i.redd.it/id4b2uqq3xe61.jpg,[],0,0,0,0,0,0,0,0,0,0,0,0,0,0,0,0,0,0,0,0,0,0,0,0,0,0,0,2021-02-01 21:52:57.473032,0.0,0.0,0.0
Billionaire Investor Mark Cuban Says Reddit Stock Traders Have â€˜Every Right To Kick Wall Streetâ€™s Assâ€™ - All Hail Wise Cuban Man!,https://www.unilad.co.uk/news/billionaire-investor-mark-cuban-says-reddit-stock-traders-have-every-right-to-kick-wall-streets-ass/,[],0,0,0,0,0,0,0,0,0,0,0,0,0,0,0,0,0,0,0,0,0,0,0,0,0,0,0,2021-02-01 21:52:57.473032,0.0,0.0,0.0
"To those that recently joined WSB, this GME event may take a while.",https://www.reddit.com/r/wallstreetbets/comments/lacovo/to_those_that_recently_joined_wsb_this_gme_event/,['GME'],1,0,0,0,0,0,0,0,0,0,0,0,0,0,0,0,0,0,0,0,0,0,0,0,0,0,0,2021-02-01 21:52:57.473032,0.0,0.0,0.0
"digital billboard in johnson city, TN. retards are EVERYWHERE",https://i.redd.it/12ch27p7ywe61.jpg,[],0,0,0,0,0,0,0,0,0,0,0,0,0,0,0,0,0,0,0,0,0,0,0,0,0,0,0,2021-02-01 21:52:57.473032,0.0,0.0,0.0
"If Melvin has partially covered, I believe they are tapped out.",https://www.reddit.com/r/wallstreetbets/comments/lagjpd/if_melvin_has_partially_covered_i_believe_they/,[],0,0,0,0,0,0,0,0,0,0,0,0,0,0,0,0,0,0,0,0,0,0,0,0,0,0,0,2021-02-01 21:52:57.473032,0.0,0.0,0.0
"RETARDED CANADIAN GIRLğŸ’ğŸ™ŒğŸš€YOLOing ALL MY $TRIPPER FUND$ @323, GME",https://i.redd.it/knj1jysv5xe61.jpg,"['ALL', 'FUND', 'GME']",1,0,0,0,0,0,0,0,0,0,1,1,0,0,0,0,0,0,0,0,0,0,0,0,0,0,0,2021-02-01 21:52:57.473032,0.0,0.0,0.0
"Note down every single person and News channel promoting silver using our name, and now you have a list of news channels and people not only manipulating, but they are insiders who you definitely canâ€™t trust ever again. Their loss tbh.",https://mobile.twitter.com/CNBCPro/status/1356259933134721031,[],0,0,0,0,0,0,0,0,0,0,0,0,0,0,0,0,0,0,0,0,0,0,0,0,0,0,0,2021-02-01 21:52:57.473032,0.0,0.0,0.0
Roadmap of GME - We are almost there.,https://i.redd.it/yv33gx38cye61.png,['GME'],1,0,0,0,0,0,0,0,0,0,0,0,0,0,0,0,0,0,0,0,0,0,0,0,0,0,0,2021-02-01 21:52:57.473032,0.0,0.0,0.0
"WHY YOU DEFINITELY SHOULD NOT UNDER ANY CIRCUMSTANCE FALL FOR ALL THE SILVER SCAMS!!! CAREFUL, YOU ARE BEING PLAYED BY THE MOST POWERFUL ELITE ON THE PLANET!!!",https://www.reddit.com/r/wallstreetbets/comments/laccqy/why_you_definitely_should_not_under_any/,[],0,0,0,0,0,0,0,0,0,0,0,0,0,0,0,0,0,0,0,0,0,0,0,0,0,0,0,2021-02-01 21:52:57.473032,0.0,0.0,0.0
GameStop/Ryan Cohen have not used their offering yet ğŸš€ğŸš€ğŸš€,https://www.reddit.com/r/wallstreetbets/comments/laf0lf/gamestopryan_cohen_have_not_used_their_offering/,[],0,0,0,0,0,0,0,0,0,0,0,0,0,0,0,0,0,0,0,0,0,0,0,0,0,0,0,2021-02-01 21:52:57.473032,0.0,0.0,0.0
This is what holding the line looks like! Look at that volume. Diamond-Hands keep it up!,https://i.redd.it/thafw05lrwe61.png,[],0,0,0,0,0,0,0,0,0,0,0,0,0,0,0,0,0,0,0,0,0,0,0,0,0,0,0,2021-02-01 21:52:57.473032,0.0,0.0,0.0
These Ads Will Show Up For Hedge funds And Investors today On Facebook/Instagram with a link to WSB.,https://www.reddit.com/gallery/lacwfq,[],0,0,0,0,0,0,0,0,0,0,0,0,0,0,0,0,0,0,0,0,0,0,0,0,0,0,0,2021-02-01 21:52:57.473032,0.0,0.0,0.0
I panicked and sold,https://www.reddit.com/r/wallstreetbets/comments/lacdwx/i_panicked_and_sold/,[],0,0,0,0,0,0,0,0,0,0,0,0,0,0,0,0,0,0,0,0,0,0,0,0,0,0,0,2021-02-01 21:52:57.473032,0.0,0.0,0.0
"GME Discussion Thread for February 1, 2021 - Part 3, Avengers: Infinity Squeeze War",https://www.reddit.com/r/wallstreetbets/comments/lab86a/gme_discussion_thread_for_february_1_2021_part_3/,['GME'],1,0,0,0,0,0,0,0,0,0,0,0,0,0,0,0,0,0,0,0,0,0,0,0,0,0,0,2021-02-01 21:52:57.473032,0.0,0.0,0.0
The universe left me a sign as I was walking back to my car. ğŸ’ğŸ™ŒğŸ¼ğŸš€,https://i.redd.it/wuzg0lznpye61.jpg,[],0,0,0,0,0,0,0,0,0,0,0,0,0,0,0,0,0,0,0,0,0,0,0,0,0,0,0,2021-02-01 21:52:57.473032,0.0,0.0,0.0
Billboard Outside of Baltimore,https://i.redd.it/6j1er7xeqwe61.jpg,[],0,0,0,0,0,0,0,0,0,0,0,0,0,0,0,0,0,0,0,0,0,0,0,0,0,0,0,2021-02-01 21:52:57.473032,0.0,0.0,0.0
"THE ONLY GME NEWS WE NEED, HOLD.",https://i.redd.it/tmlljppskye61.jpg,[],0,0,0,0,0,0,0,0,0,0,0,0,0,0,0,0,0,0,0,0,0,0,0,0,0,0,0,2021-02-01 21:52:57.473032,0.0,0.0,0.0
Fake news ğŸ¤£,https://i.redd.it/hqyf4qyxhwe61.jpg,[],0,0,0,0,0,0,0,0,0,0,0,0,0,0,0,0,0,0,0,0,0,0,0,0,0,0,0,2021-02-01 21:52:57.473032,0.0,0.0,0.0
WE LIKE THIS STOCK (UT),https://i.redd.it/lu9581kb7ye61.jpg,[],0,0,0,0,0,0,0,0,0,0,0,0,0,0,0,0,0,0,0,0,0,0,0,0,0,0,0,2021-02-01 21:52:57.473032,0.0,0.0,0.0
"At these levels, it's NOT about the price of the stock. It is the number of shares in the hedge funds' possession. That's why they want you to sell.",https://www.reddit.com/r/wallstreetbets/comments/la8ox3/at_these_levels_its_not_about_the_price_of_the/,[],0,0,0,0,0,0,0,0,0,0,0,0,0,0,0,0,0,0,0,0,0,0,0,0,0,0,0,2021-02-01 21:52:57.473032,0.0,0.0,0.0
"@SEC just a heads up to maybe do your fucking job. Look at Fidelity buy/sell ratio today, RH volume (even worse AH) and they want us to believe the price actually dropped by 100%. Put them in jail and give us our FAIR share of tendies already.",https://www.reddit.com/gallery/laiemw,['FAIR'],0,0,0,0,0,0,0,0,0,0,0,0,1,0,0,0,0,0,0,0,0,0,0,0,0,0,0,2021-02-01 21:52:57.473032,0.0,0.0,0.0
"Bloomberg now insisting GME is ""old news."" HA! Pathetic last ditch effort. We got em by the balls now, HOLD ğŸš€",https://i.redd.it/854xif2xjwe61.jpg,['GME'],1,0,0,0,0,0,0,0,0,0,0,0,0,0,0,0,0,0,0,0,0,0,0,0,0,0,0,2021-02-01 21:52:57.473032,0.0,0.0,0.0
"My AMC Billboard is up in Kalamazoo, MI! ğŸ’âœŠğŸ» ğŸš€ğŸš€ğŸš€",https://i.redd.it/ghahrojtlwe61.jpg,['AMC'],0,0,0,0,0,1,0,0,0,0,0,0,0,0,0,0,0,0,0,0,0,0,0,0,0,0,0,2021-02-01 21:52:57.473032,0.0,0.0,0.0
"""As of January 29th GME stock is still the most heavily shorted stock in the market, with a short interest of 121.07%""",https://www.nasdaq.com/articles/are-these-the-best-heavily-shorted-stocks-to-buy-right-now-5-names-to-watch-2021-01-31?amp,['GME'],1,0,0,0,0,0,0,0,0,0,0,0,0,0,0,0,0,0,0,0,0,0,0,0,0,0,0,2021-02-01 21:52:57.473032,0.0,0.0,0.0
Pee-Wee Herman is Not Selling! GME ğŸš€ğŸš€ğŸš€,https://i.redd.it/i21u7pepgye61.png,['GME'],1,0,0,0,0,0,0,0,0,0,0,0,0,0,0,0,0,0,0,0,0,0,0,0,0,0,0,2021-02-01 21:52:57.473032,0.0,0.0,0.0
These tactics are as see through as my hands,https://v.redd.it/qlnhbmw29we61,[],0,0,0,0,0,0,0,0,0,0,0,0,0,0,0,0,0,0,0,0,0,0,0,0,0,0,0,2021-02-01 21:52:57.473032,0.0,0.0,0.0
"I bought at 320. I donâ€™t care. Posting fake silver news was the last straw. I will hold, and we will all bleed together.",https://i.redd.it/dlj9z5x4lwe61.jpg,[],0,0,0,0,0,0,0,0,0,0,0,0,0,0,0,0,0,0,0,0,0,0,0,0,0,0,0,2021-02-01 21:52:57.473032,0.0,0.0,0.0
"Volume has not increased enough to cover shorts. Trends are following very closely to Thursday. We're still go for a moon mission, boys. ğŸš€",https://i.redd.it/7aeou4fgmxe61.png,[],0,0,0,0,0,0,0,0,0,0,0,0,0,0,0,0,0,0,0,0,0,0,0,0,0,0,0,2021-02-01 21:52:57.473032,0.0,0.0,0.0
Just bought $1MM worth of $GME. My profits from years of trading. Letâ€™s stick it to the HFs! ğŸ¦ strong together. ğŸ’ ğŸ™Œ,https://i.redd.it/6htn6hnn5we61.jpg,['GME'],1,0,0,0,0,0,0,0,0,0,0,0,0,0,0,0,0,0,0,0,0,0,0,0,0,0,0,2021-02-01 21:52:57.473032,0.0,0.0,0.0
"Why we're still winning, and why we're still going to the moon. [REASSURANCE DD]",https://www.reddit.com/r/wallstreetbets/comments/lak773/why_were_still_winning_and_why_were_still_going/,[],0,0,0,0,0,0,0,0,0,0,0,0,0,0,0,0,0,0,0,0,0,0,0,0,0,0,0,2021-02-01 21:52:57.473032,0.0,0.0,0.0
Just holding on my AMCğŸ“ˆğŸ’,https://i.redd.it/i5ra0flpbwe61.jpg,['AMC'],0,0,0,0,0,1,0,0,0,0,0,0,0,0,0,0,0,0,0,0,0,0,0,0,0,0,0,2021-02-01 21:52:57.473032,0.0,0.0,0.0
"We, at Fidelity, are buying.",https://i.redd.it/zp6m4v4ttwe61.png,[],0,0,0,0,0,0,0,0,0,0,0,0,0,0,0,0,0,0,0,0,0,0,0,0,0,0,0,2021-02-01 21:52:57.473032,0.0,0.0,0.0
"WALL STREET PLAN - Trying to psychologically scare you with MANIPULATED BIG DIPS and then a SMALL recovery. They want to MAKE YOU DOUBT, that the NEXT BIG DIP, you couldâ€™ve SOLD at Recovery. This has been going on since Thursday for GME & AMC",https://www.reddit.com/r/wallstreetbets/comments/la6vcb/wall_street_plan_trying_to_psychologically_scare/,"['WALL', 'PLAN', 'BIG', 'DIPS', 'MAKE', 'YOU', 'NEXT', 'BIG', 'DIP', 'SOLD', 'GME', 'AMC']",1,0,0,0,0,1,0,1,0,1,0,0,0,1,1,1,1,1,1,1,0,0,0,0,0,0,0,2021-02-01 21:52:57.473032,0.0,0.0,0.0
Is this how I buy silver? ğŸ¦ ğŸš€ ğŸš€,https://i.redd.it/g56nrly14we61.jpg,[],0,0,0,0,0,0,0,0,0,0,0,0,0,0,0,0,0,0,0,0,0,0,0,0,0,0,0,2021-02-01 21:52:57.473032,0.0,0.0,0.0
THEY ARE LYING STRAIGHT TO OUR FACE. DONâ€™T BELIEVE THIS GARBAGE.,https://i.redd.it/ib5bta2r3we61.jpg,[],0,0,0,0,0,0,0,0,0,0,0,0,0,0,0,0,0,0,0,0,0,0,0,0,0,0,0,2021-02-01 21:52:57.473032,0.0,0.0,0.0
Lol they're putting up ads now,https://i.redd.it/5wy18hhlswe61.jpg,[],0,0,0,0,0,0,0,0,0,0,0,0,0,0,0,0,0,0,0,0,0,0,0,0,0,0,0,2021-02-01 21:52:57.473032,0.0,0.0,0.0
From @AlphaRRCapital1 on Twitter. Unable to buy shorts cause there isnâ€™t enough shares available. Hold tight boys ğŸš€,https://i.redd.it/p8c59bsspwe61.jpg,[],0,0,0,0,0,0,0,0,0,0,0,0,0,0,0,0,0,0,0,0,0,0,0,0,0,0,0,2021-02-01 21:52:57.473032,0.0,0.0,0.0
CNN BACK. OFF. This is a LIE. Literally a 5 second scroll of our board would inform this to be untrue. EDUCATE yourselves!!!!!,https://i.redd.it/fj495vh52we61.jpg,"['BACK', 'OFF', 'LIE']",0,0,0,0,0,0,1,0,0,0,0,0,0,0,0,0,0,0,0,0,1,1,0,0,0,0,0,2021-02-01 21:52:57.473032,0.0,0.0,0.0
"Unemployed with $80,000 in student loans and I am HOLDING! These hedge fund losers can pay for my degrees! DIAMOND HANDS!!! $GME $BB $AMC",https://i.redd.it/vdhp4qb1hxe61.png,"['GME', 'AMC']",1,0,0,0,0,1,0,0,0,0,0,0,0,0,0,0,0,0,0,0,0,0,0,0,0,0,0,2021-02-01 21:52:57.473032,0.0,0.0,0.0
"Success does not happen overnight - to those of you who hopped in with lambos in your eyes and dreams of 1000% gains overnight, I'm sorry to disappoint you, this fight is likely to go on for weeks.",https://www.reddit.com/r/wallstreetbets/comments/la9yi6/success_does_not_happen_overnight_to_those_of_you/,[],0,0,0,0,0,0,0,0,0,0,0,0,0,0,0,0,0,0,0,0,0,0,0,0,0,0,0,2021-02-01 21:52:57.473032,0.0,0.0,0.0
NO MORE SHARES TO SHORT ğŸ’ğŸ¤²ğŸ“ˆâ€¼ï¸â€¼ï¸â€¼ï¸ğŸš€ğŸ§¨,https://twitter.com/alpharrcapital1/status/1356277059945955330?s=21,[],0,0,0,0,0,0,0,0,0,0,0,0,0,0,0,0,0,0,0,0,0,0,0,0,0,0,0,2021-02-01 21:52:57.473032,0.0,0.0,0.0
DON'T PANIC AND JUST LOOK AT THE FUCKING VOLUME,https://www.reddit.com/r/wallstreetbets/comments/la5upr/dont_panic_and_just_look_at_the_fucking_volume/,[],0,0,0,0,0,0,0,0,0,0,0,0,0,0,0,0,0,0,0,0,0,0,0,0,0,0,0,2021-02-01 21:52:57.473032,0.0,0.0,0.0
GME: MMs have until TOMORROW 2/2 to buy shares!! It can be anytime TODAY or TOMORROW! HOLD STRONG ğŸ’ğŸ‘‹ğŸ’ğŸ‘‹ğŸ’ğŸ‘‹ğŸš€ğŸš€,https://www.reddit.com/r/wallstreetbets/comments/la7bhj/gme_mms_have_until_tomorrow_22_to_buy_shares_it/,['GME'],1,0,0,0,0,0,0,0,0,0,0,0,0,0,0,0,0,0,0,0,0,0,0,0,0,0,0,2021-02-01 21:52:57.473032,0.0,0.0,0.0
We Need the Same Outrage Over Ladder Attacks As We Had Over Robinhood Limiting Purchases ğŸ’ğŸ™ŒğŸ’ğŸš€ğŸš€ğŸš€,https://www.reddit.com/r/wallstreetbets/comments/laic11/we_need_the_same_outrage_over_ladder_attacks_as/,[],0,0,0,0,0,0,0,0,0,0,0,0,0,0,0,0,0,0,0,0,0,0,0,0,0,0,0,2021-02-01 21:52:57.473032,0.0,0.0,0.0
"Down almost $200k, I ainâ€™t sellin. Was down to $200k from 1million last week, didnâ€™t sell then either. ğŸ’ ğŸ™Œ prevail",https://i.redd.it/r40ki7x6xwe61.jpg,[],0,0,0,0,0,0,0,0,0,0,0,0,0,0,0,0,0,0,0,0,0,0,0,0,0,0,0,2021-02-01 21:52:57.473032,0.0,0.0,0.0
GME - TIRED OF FEELING LEFT OUT! BOUGHT THE DIP $100K LIFE SAVINGS ALL IN NOT SELLING UNTIL $5K AT LEAST I LIKE THIS STOCK!!!!ğŸ’ğŸ–ğŸš€ğŸš€ğŸš€ğŸš€ğŸš€ğŸš€ğŸš€ğŸš€ğŸ‘©â€ğŸš€,https://www.reddit.com/gallery/la8ah2,[],0,0,0,0,0,0,0,0,0,0,0,0,0,0,0,0,0,0,0,0,0,0,0,0,0,0,0,2021-02-01 21:52:57.473032,0.0,0.0,0.0
"IF DFV IS HOLDING, I AM HOLDING",https://i.redd.it/088y3wobdwe61.png,[],0,0,0,0,0,0,0,0,0,0,0,0,0,0,0,0,0,0,0,0,0,0,0,0,0,0,0,2021-02-01 21:52:57.473032,0.0,0.0,0.0
Just bought 200 shares of GME from RUSSIA. I'm the same as you retards before MARS SUKABLYAD' poehali ğŸ‘¨â€ğŸš€ğŸš€,https://i.redd.it/jl2mc2xj8we61.png,"['GME', 'MARS']",1,0,0,0,0,0,0,0,0,0,0,0,0,0,0,0,0,0,0,0,0,0,1,0,0,0,0,2021-02-01 21:52:57.473032,0.0,0.0,0.0
Weâ€™ve got Ragnar online too,https://i.redd.it/sk2okhobgxe61.jpg,[],0,0,0,0,0,0,0,0,0,0,0,0,0,0,0,0,0,0,0,0,0,0,0,0,0,0,0,2021-02-01 21:52:57.473032,0.0,0.0,0.0
Jokes on them. Red is my favorite color,https://i.redd.it/gwqn7krkxve61.jpg,[],0,0,0,0,0,0,0,0,0,0,0,0,0,0,0,0,0,0,0,0,0,0,0,0,0,0,0,2021-02-01 21:52:57.473032,0.0,0.0,0.0
GME volume still low with positive CMF which means retards keep holding,https://i.redd.it/ttrgaf9xpve61.png,"['GME', 'CMF']",1,0,0,0,0,0,0,0,0,0,0,0,0,0,0,0,0,0,0,0,0,0,0,1,0,0,0,2021-02-01 21:52:57.473032,0.0,0.0,0.0
"As a marxist pig, I never cared about the stock market. But since I discovered some retards were dry-fucking HFs I decided it was finally time to join the frenzy. Prepared to lose all of this. Hold, you apes. Godspeed from a fellow retard from Switzerland. ğŸš€ğŸ’ğŸ‘‹ğŸ½",https://i.redd.it/8wniqfpflwe61.jpg,[],0,0,0,0,0,0,0,0,0,0,0,0,0,0,0,0,0,0,0,0,0,0,0,0,0,0,0,2021-02-01 21:52:57.473032,0.0,0.0,0.0
"I know everyone is feeling down about the red, but please listen to this example. This is the Prisoner's Dilemma.",https://www.reddit.com/r/wallstreetbets/comments/lagybk/i_know_everyone_is_feeling_down_about_the_red_but/,[],0,0,0,0,0,0,0,0,0,0,0,0,0,0,0,0,0,0,0,0,0,0,0,0,0,0,0,2021-02-01 21:52:57.473032,0.0,0.0,0.0
Not. Fucking. Selling! GME AMCğŸ’ğŸ™ŒğŸ» Who's with me?,https://i.redd.it/e45h0yi1xve61.jpg,"['GME', 'AMC']",1,0,0,0,0,1,0,0,0,0,0,0,0,0,0,0,0,0,0,0,0,0,0,0,0,0,0,2021-02-01 21:52:57.473032,0.0,0.0,0.0
NO VOLUME - APES HOLDING STRONG! GME TO THE MOON! HOLD!,https://i.redd.it/z9q6i91g0xe61.png,[],0,0,0,0,0,0,0,0,0,0,0,0,0,0,0,0,0,0,0,0,0,0,0,0,0,0,0,2021-02-01 21:52:57.473032,0.0,0.0,0.0
STOP BUYING SLV YOU SMOOTH BRAINED RETARDS ITS TECHNICALLY INVERSING GME. *I LOST MY CRAYONS SO I HAD TO USE REAL CHARTS*,https://i.redd.it/78kadx1cpve61.jpg,[],0,0,0,0,0,0,0,0,0,0,0,0,0,0,0,0,0,0,0,0,0,0,0,0,0,0,0,2021-02-01 21:52:57.473032,0.0,0.0,0.0
"PSA: remember, shorts have two days to deliver. This was why there was no squeeze today.",https://www.reddit.com/r/wallstreetbets/comments/lae73m/psa_remember_shorts_have_two_days_to_deliver_this/,[],0,0,0,0,0,0,0,0,0,0,0,0,0,0,0,0,0,0,0,0,0,0,0,0,0,0,0,2021-02-01 21:52:57.473032,0.0,0.0,0.0
Hedgies trying to manipulate us on every corner. Stay put,https://i.redd.it/qpg0ny6j0we61.jpg,[],0,0,0,0,0,0,0,0,0,0,0,0,0,0,0,0,0,0,0,0,0,0,0,0,0,0,0,2021-02-01 21:52:57.473032,0.0,0.0,0.0
"GME Discussion Thread for February 01, 2021 - Part 2, Electric Boogaloo",https://www.reddit.com/r/wallstreetbets/comments/la5s8i/gme_discussion_thread_for_february_01_2021_part_2/,['GME'],1,0,0,0,0,0,0,0,0,0,0,0,0,0,0,0,0,0,0,0,0,0,0,0,0,0,0,2021-02-01 21:52:57.473032,0.0,0.0,0.0
We need to talk. The success of GME has wrecked this sub.,https://www.reddit.com/r/wallstreetbets/comments/ladp70/we_need_to_talk_the_success_of_gme_has_wrecked/,['GME'],1,0,0,0,0,0,0,0,0,0,0,0,0,0,0,0,0,0,0,0,0,0,0,0,0,0,0,2021-02-01 21:52:57.473032,0.0,0.0,0.0
"SpaceX announces their first civilian mission targeted later this year. Seats will be donated to individuals who represent leadership, hope, generosity, and prosperity. We need to ensure DFV gets a seat, as he truly is the embodiment of those qualities!",https://www.cnbc.com/2021/02/01/spacex-to-fly-first-mission-to-space-with-an-all-civilian-crew-later-this-year.html,[],0,0,0,0,0,0,0,0,0,0,0,0,0,0,0,0,0,0,0,0,0,0,0,0,0,0,0,2021-02-01 21:52:57.473032,0.0,0.0,0.0
GME will squeeze and here's the 10 reasons why I think so + rabbit-hole reading,https://www.reddit.com/r/wallstreetbets/comments/ladv7v/gme_will_squeeze_and_heres_the_10_reasons_why_i/,['GME'],1,0,0,0,0,0,0,0,0,0,0,0,0,0,0,0,0,0,0,0,0,0,0,0,0,0,0,2021-02-01 21:52:57.473032,0.0,0.0,0.0
Guess who didnâ€™t buy any silver?Instead bought 100 shares of AMC:) love and support from Mexico,https://i.redd.it/n8c1ilve5we61.jpg,['AMC'],0,0,0,0,0,1,0,0,0,0,0,0,0,0,0,0,0,0,0,0,0,0,0,0,0,0,0,2021-02-01 21:52:57.473032,0.0,0.0,0.0
Just bought 87 shares of GME from Saudi Arabia. I stand with you fellow retards all the way to the moon ğŸš€ğŸš€ğŸš€,https://i.redd.it/zwnlmicofve61.jpg,['GME'],1,0,0,0,0,0,0,0,0,0,0,0,0,0,0,0,0,0,0,0,0,0,0,0,0,0,0,2021-02-01 21:52:57.473032,0.0,0.0,0.0
They act like silver is so fetch,https://i.redd.it/g4yoioifgve61.gif,[],0,0,0,0,0,0,0,0,0,0,0,0,0,0,0,0,0,0,0,0,0,0,0,0,0,0,0,2021-02-01 21:52:57.473032,0.0,0.0,0.0
"Crazy Rich Asian Reporting in... 50k in, currently -20%? not even flinching... HOLD for the ğŸš€ğŸš€ğŸš€",https://i.redd.it/8rcm8rvqyve61.png,[],0,0,0,0,0,0,0,0,0,0,0,0,0,0,0,0,0,0,0,0,0,0,0,0,0,0,0,2021-02-01 21:52:57.473032,0.0,0.0,0.0
Down $10MM and still holding ğŸ’ğŸ™Œ. Bought 750 more shares today.,https://i.redd.it/bqpvuv9itye61.jpg,[],0,0,0,0,0,0,0,0,0,0,0,0,0,0,0,0,0,0,0,0,0,0,0,0,0,0,0,2021-02-01 21:52:57.473032,0.0,0.0,0.0
GME- Down ~1M today. Still holding.,https://i.redd.it/a3gw40gn5xe61.jpg,['GME-'],0,0,0,0,0,0,0,0,0,0,0,0,0,0,0,0,0,0,0,0,0,0,0,0,1,0,0,2021-02-01 21:52:57.473032,0.0,0.0,0.0
We should be compiling links of sources claiming WSB is for silver,https://www.reddit.com/r/wallstreetbets/comments/la3ddb/we_should_be_compiling_links_of_sources_claiming/,[],0,0,0,0,0,0,0,0,0,0,0,0,0,0,0,0,0,0,0,0,0,0,0,0,0,0,0,2021-02-01 21:52:57.473032,0.0,0.0,0.0
Guess where Iâ€™m headed. $GME ğŸ™ŒğŸ’ğŸš€,https://i.redd.it/eqquti7gcwe61.jpg,['GME'],1,0,0,0,0,0,0,0,0,0,0,0,0,0,0,0,0,0,0,0,0,0,0,0,0,0,0,2021-02-01 21:52:57.473032,0.0,0.0,0.0
DON'T BELIEVE THE LIES. They're even vibrating my phone trying to push this nonsense.,https://i.redd.it/wuapmjpvcve61.png,"[""N'T"", 'LIES']",0,0,0,0,0,0,0,0,0,0,0,0,0,0,0,0,0,0,0,0,0,0,0,0,0,1,1,2021-02-01 21:52:57.473032,0.0,0.0,0.0
"For those of you getting scared. LOOK AT THAT TINY VOLUME. You just need to zoom out to put things in perspective. - not financial advice, I eat a lot of crayons.",https://i.redd.it/mireh4hivwe61.jpg,"['LOOK', 'THAT', 'TINY']",0,0,0,0,0,0,0,0,0,0,0,0,0,0,0,0,0,0,0,0,0,0,0,0,0,0,0,2021-02-01 21:52:57.473032,1.0,1.0,1.0
